ID,Case Number,Date,Block,IUCR,Primary Type,Description,Location Description,Arrest,Domestic,Beat,District,Ward,Community Area,FBI Code,X Coordinate,Y Coordinate,Year,Updated On,Latitude,Longitude,Location
13203321,JG415333,2023-09-06 17:00:00,002XX N Wells st,1320,Criminal Damage,To Vehicle,Parking Lot / Garage (Non Residential),0,0,122,1,42,32,14,1174694.0,1901831.0,2023,2023-11-04 15:40:00,41.88601806,-87.63393788,"(41.886018055, -87.633937881)"
13204489,JG416325,2023-09-06 11:00:00,0000X E 8TH ST,810,Theft,Over $500,Parking Lot / Garage (Non Residential),0,0,123,1,4,32,6,1176857.0,1896680.0,2023,2023-11-04 15:40:00,41.87183477,-87.62615082,"(41.871834768, -87.62615082)"
11695116,JC272771,2019-05-21 08:20:00,018XX S CALIFORNIA AVE,620,Burglary,Unlawful Entry,Residence,0,0,1023,10,25,29,5,1157982.0,1890961.0,2019,2024-01-19 15:40:00,41.85654706,-87.69560453,"(41.856547057, -87.695604526)"
12419690,JE295655,2021-07-07 10:30:00,132XX S GREENWOOD AVE,1544,Sex Offense,Sexual Exploitation Of A Child,Residence,0,0,533,5,10,54,17,1186051.0,1817781.0,2021,2024-01-19 15:40:00,41.65511579,-87.5948832,"(41.65511579, -87.594883198)"
12729745,JF279458,2022-06-14 14:47:00,035XX N CENTRAL AVE,340,Robbery,Attempt Strong Arm - No Weapon,Bank,1,0,1633,16,30,15,3,1138391.0,1923142.0,2022,2024-01-19 15:40:00,41.94523241,-87.76673467,"(41.945232412, -87.766734668)"
12835559,JF406130,2022-09-21 22:00:00,004XX E 69TH ST,910,Motor Vehicle Theft,Automobile,Other (Specify),1,0,322,3,6,69,7,1180204.0,1859359.0,2022,2024-01-19 15:40:00,41.76934671,-87.61500829,"(41.769346711, -87.615008288)"
13003649,JG177593,2023-02-22 13:50:00,070XX S CLYDE AVE,610,Burglary,Forcible Entry,Residence - Porch / Hallway,1,0,331,3,5,43,5,1191427.0,1858753.0,2023,2024-01-19 15:40:00,41.76741922,-87.5738902,"(41.767419224, -87.573890196)"
13061203,JG246126,2023-05-03 08:10:00,073XX S EMERALD AVE,486,Battery,Domestic Battery Simple,Street,1,1,732,7,6,68,08B,1172570.0,1856234.0,2023,2024-01-19 15:40:00,41.76094288,-87.64308281,"(41.760942883, -87.643082808)"
13256787,JG479716,2022-12-25 00:01:00,055XX S ALBANY AVE,486,Battery,Domestic Battery Simple,Residence - Garage,0,1,824,8,14,63,08B,1156659.0,1867650.0,2022,2024-01-19 15:40:00,41.79260562,-87.70109031,"(41.792605624, -87.70109031)"
27382,JG184406,2023-03-13 18:40:00,004XX E 88TH ST,110,Homicide,First Degree Murder,Alley,1,0,632,6,8,44,01A,1180808.0,1846737.0,2023,2024-01-19 15:40:00,41.73469669,-87.61318158,"(41.734696692, -87.613181581)"
27547,JH119907,2023-06-05 21:15:00,020XX N KIMBALL AVE,110,Homicide,First Degree Murder,Apartment,1,1,1413,14,26,22,01A,1153376.0,1913502.0,2023,2024-01-19 15:40:00,41.91849446,-87.71191192,"(41.918494462, -87.711911917)"
6255892,HP342049,2008-05-17 18:00:00,101XX S LAFAYETTE AVE,031A,Robbery,Armed - Handgun,Residence,0,0,511,5,9,49,3,1177712.0,1837726.0,2008,2024-01-19 15:40:00,41.71003986,-87.62479561,"(41.710039855, -87.62479561)"
6272641,HP358387,2008-05-27 01:00:00,105XX S PERRY AVE,320,Robbery,Strong Arm - No Weapon,Street,0,1,512,5,9,49,3,1177463.0,1835161.0,2008,2024-01-19 15:40:00,41.70300676,-87.62578466,"(41.703006756, -87.625784664)"
6438609,HP496499,2008-08-05 22:37:00,126XX S UNION AVE,031A,Robbery,Armed - Handgun,School - Public Grounds,0,0,523,5,9,53,3,1173953.0,1821073.0,2008,2024-01-19 15:40:00,41.66442548,-87.63905314,"(41.664425476, -87.639053139)"
6680276,HP754070,2008-12-27 20:00:00,058XX N MANTON AVE,610,Burglary,Forcible Entry,Residence - Garage,0,0,1622,16,39,11,5,1137225.0,1938474.0,2008,2024-01-19 15:40:00,41.9873259,-87.77065041,"(41.9873259, -87.770650405)"
11662417,JC232642,2019-04-21 12:30:00,009XX E 80TH ST,031A,Robbery,Armed - Handgun,Residence,0,0,631,6,8,44,3,1184044.0,1852159.0,2019,2023-09-14 15:41:00,41.74950033,-87.6011574,"(41.749500329, -87.6011574)"
12218064,JD426642,2020-10-30 16:30:00,011XX E 82ND ST,266,Criminal Sexual Assault,Predatory,Residence,1,1,411,4,8,45,2,1185144.0,1850850.0,2020,2023-09-14 15:41:00,41.74588254,-87.59716764,"(41.745882542, -87.597167639)"
12592454,JF113025,2022-01-14 15:55:00,067XX S MORGAN ST,2826,Other Offense,Harassment By Electronic Means,Residence,0,1,724,7,16,68,26,1170805.0,1860170.0,2022,2023-09-14 15:41:00,41.77178244,-87.64943693,"(41.771782439, -87.649436929)"
12601676,JF124024,2022-01-13 16:00:00,031XX W AUGUSTA BLVD,1752,Offense Involving Children,Aggravated Criminal Sexual Abuse By Family Member,Residence,0,1,1211,12,36,23,17,1155171.0,1906486.0,2022,2023-09-14 15:41:00,41.89920607,-87.70550559,"(41.899206068, -87.705505587)"
12785595,JF346553,2022-08-05 21:00:00,072XX S UNIVERSITY AVE,1544,Sex Offense,Sexual Exploitation Of A Child,Apartment,1,0,324,3,5,69,17,1185135.0,1857211.0,2022,2023-09-14 15:41:00,41.76333797,-87.59700113,"(41.763337967, -87.597001131)"
12342615,JE202211,2021-04-17 15:20:00,081XX S PRAIRIE AVE,325,Robbery,Vehicular Hijacking,Residence,0,0,631,6,6,44,3,1179448.0,1851073.0,2021,2025-04-16 15:40:00,41.74662631,-87.61803195,"(41.746626309, -87.618031954)"
12808281,JF373517,2022-08-14 14:00:00,055XX W ARDMORE AVE,1562,Sex Offense,Aggravated Criminal Sexual Abuse,Residence,0,0,1621,16,39,11,17,1138383.0,1937953.0,2022,2023-09-14 15:41:00,41.98587528,-87.76640386,"(41.985875279, -87.766403857)"
12888104,JF469015,2022-11-10 03:47:00,072XX S MAY ST,1477,Weapons Violation,Reckless Firearm Discharge,Street,0,0,733,7,17,68,15,1169903.0,1856822.0,2022,2023-09-14 15:41:00,41.76261474,-87.65284046,"(41.76261474, -87.652840463)"
12990873,JG161829,2019-08-17 13:14:00,008XX N KARLOV AVE,1751,Offense Involving Children,Criminal Sexual Abuse By Family Member,Residence,1,1,1111,11,37,23,17,1148899.0,1905351.0,2019,2023-09-14 15:41:00,41.89621515,-87.72857205,"(41.89621515, -87.728572048)"
13045102,JG226663,2023-03-30 09:16:00,080XX S DREXEL AVE,1544,Sex Offense,Sexual Exploitation Of A Child,Apartment,0,1,631,6,8,44,17,1183631.0,1851847.0,2023,2023-09-14 15:41:00,41.7486538,-87.60268049,"(41.748653803, -87.602680492)"
13074891,JG262771,2023-05-10 12:43:00,028XX N MANGO AVE,1754,Offense Involving Children,Aggravated Sexual Assault Of Child By Family Member,Residence,0,1,2514,25,30,19,2,1137557.0,1918320.0,2023,2023-09-14 15:41:00,41.93201543,-87.76991667,"(41.932015426, -87.769916668)"
13099339,JG291745,2023-04-01 11:13:00,020XX N LAPORTE AVE,1751,Offense Involving Children,Criminal Sexual Abuse By Family Member,Residence,0,1,2522,25,26,19,17,1143059.0,1913090.0,2023,2023-09-14 15:41:00,41.91756278,-87.74982812,"(41.917562778, -87.749828117)"
13121127,JG313964,2023-06-22 18:52:00,015XX W NORTH AVE,1153,Deceptive Practice,Financial Identity Theft Over $ 300,Auto / Boat / Rv Dealership,1,0,1433,14,1,24,11,1165854.0,1910738.0,2023,2023-09-14 15:41:00,41.91065261,-87.66614577,"(41.91065261, -87.66614577)"
12955336,JG119661,2022-11-16 10:23:00,087XX S KINGSTON AVE,1562,Sex Offense,Aggravated Criminal Sexual Abuse,Residence,0,1,423,4,7,46,17,1194660.0,1847481.0,2022,2023-11-15 15:41:00,41.73640903,-87.56241031,"(41.736409029, -87.562410309)"
13210072,JG422242,2023-08-11 11:00:00,0000X S ALBANY AVE,1790,Offense Involving Children,Child Abduction,Residence,0,1,1124,11,28,27,26,1155914.0,1899709.0,2023,2023-09-16 15:41:00,41.88059439,-87.70295942,"(41.880594385, -87.702959421)"
13124701,JG321999,2023-06-30 04:00:00,007XX E 111TH ST,583,Stalking,Cyberstalking,Police Facility / Vehicle Parking Lot,1,0,531,5,9,50,08A,1183356.0,1831503.0,2023,2023-09-14 15:41:00,41.69283384,-87.60431945,"(41.692833841, -87.60431945)"
13129199,JG327622,2023-07-04 17:30:00,047XX S CALUMET AVE,910,Motor Vehicle Theft,Automobile,Street,1,0,224,2,3,38,7,1179230.0,1873766.0,2023,2023-09-14 15:41:00,41.80890316,-87.61813919,"(41.80890316, -87.618139193)"
13158716,JG362691,2018-11-09 00:00:00,017XX N NASHVILLE AVE,265,Criminal Sexual Assault,Aggravated - Other,Residence,0,0,2513,25,29,25,2,1132147.0,1910836.0,2018,2023-09-14 15:41:00,41.91157425,-87.78997228,"(41.911574252, -87.789972279)"
13176001,JG382803,2023-02-01 14:00:00,058XX S MICHIGAN AVE,1562,Sex Offense,Aggravated Criminal Sexual Abuse,Apartment,1,1,232,2,20,40,17,1178158.0,1866236.0,2023,2023-09-14 15:41:00,41.78826455,-87.62229949,"(41.788264552, -87.62229949)"
13179181,JG386523,2023-08-17 15:15:00,020XX N MILWAUKEE AVE,860,Theft,Retail Theft,Department Store,1,0,1431,14,1,22,6,1159682.0,1913243.0,2023,2023-09-14 15:41:00,41.91765602,-87.68875026,"(41.917656022, -87.688750258)"
13179344,JG386917,2023-08-17 19:25:00,030XX N ELBRIDGE AVE,860,Theft,Retail Theft,Street,1,0,1412,14,35,21,6,1152158.0,1919830.0,2023,2023-09-14 15:41:00,41.93588316,-87.71621965,"(41.935883156, -87.716219645)"
13181797,JG389859,2023-08-20 04:30:00,020XX N LEAMINGTON AVE,1310,Criminal Damage,To Property,Residence,1,1,2522,25,36,19,14,1141753.0,1913164.0,2023,2023-09-14 15:41:00,41.91779013,-87.75462463,"(41.917790125, -87.754624625)"
13181885,JG389920,2023-08-20 06:00:00,020XX N LECLAIRE AVE,820,Theft,$500 And Under,Street,1,1,2522,25,26,19,6,1142089.0,1913063.0,2023,2023-09-14 15:41:00,41.91750674,-87.75339264,"(41.917506742, -87.753392641)"
13183042,JG391309,2023-08-21 07:28:00,016XX N WASHTENAW AVE,1350,Criminal Trespass,To State Sup Land,Cha Parking Lot / Grounds,1,0,1421,14,26,24,26,1158119.0,1910792.0,2023,2023-09-14 15:41:00,41.91096238,-87.69455985,"(41.910962378, -87.694559852)"
13183567,JG392073,2023-08-21 14:37:00,022XX N LEAMINGTON AVE,1220,Deceptive Practice,Theft Of Lost / Mislaid Property,Street,1,0,2522,25,26,19,11,1141688.0,1914409.0,2023,2023-09-14 15:41:00,41.92120774,-87.75483259,"(41.921207741, -87.754832585)"
13184491,JG393031,2023-08-22 11:44:00,026XX N ELSTON AVE,860,Theft,Retail Theft,Department Store,1,0,1432,14,32,22,6,1160867.0,1917657.0,2023,2023-09-14 15:41:00,41.92974382,-87.68427378,"(41.929743818, -87.684273777)"
13187048,JG395977,2023-08-24 16:07:00,016XX W DIVISION ST,860,Theft,Retail Theft,Department Store,1,0,1424,14,1,24,6,1164808.0,1908052.0,2023,2023-09-14 15:41:00,41.9033043,-87.67006468,"(41.903304304, -87.670064675)"
13188630,JG398002,2023-08-26 02:15:00,047XX W FULLERTON AVE,1330,Criminal Trespass,To Land,Restaurant,1,0,2522,25,31,19,26,1144183.0,1915534.0,2023,2023-09-14 15:41:00,41.9242483,-87.74563692,"(41.924248302, -87.745636923)"
13189104,JG398575,2023-08-26 13:43:00,050XX N PULASKI RD,860,Theft,Retail Theft,Grocery Food Store,1,0,1712,17,39,14,6,1148820.0,1933099.0,2023,2023-09-14 15:41:00,41.97235959,-87.72814279,"(41.972359593, -87.728142793)"
13189895,JG399264,2023-08-27 01:16:00,048XX N KIMBALL AVE,454,Battery,"Aggravated P.O. - Hands, Fists, Feet, No / Minor Injury",Street,1,0,1712,17,33,14,08B,1152841.0,1931987.0,2023,2023-09-14 15:41:00,41.9692293,-87.71338636,"(41.969229299, -87.713386363)"
13190165,JG399731,2023-08-27 11:58:00,025XX N ELSTON AVE,860,Theft,Retail Theft,Appliance Store,1,0,1432,14,32,22,6,1161467.0,1917112.0,2023,2023-09-14 15:41:00,41.92823582,-87.68208415,"(41.928235818, -87.682084152)"
13190179,JG399829,2023-08-27 13:16:00,032XX W NORTH AVE,860,Theft,Retail Theft,Small Retail Store,1,0,1422,14,26,23,6,1154551.0,1910454.0,2023,2023-09-14 15:41:00,41.91010705,-87.70767654,"(41.910107045, -87.707676543)"
13190936,JG400683,2023-08-27 22:00:00,072XX S AVERS AVE,910,Motor Vehicle Theft,Automobile,Street,1,0,833,8,23,65,7,1151953.0,1856354.0,2023,2023-09-14 15:41:00,41.76170131,-87.71864284,"(41.761701305, -87.718642841)"
13190943,JG400635,2023-08-28 06:23:00,027XX N NARRAGANSETT AVE,1320,Criminal Damage,To Vehicle,Parking Lot / Garage (Non Residential),1,0,2512,25,36,19,14,1133273.0,1917606.0,2023,2023-09-14 15:41:00,41.9301323,-87.7856768,"(41.9301323, -87.785676799)"
13192516,JG402535,2023-08-29 13:59:00,014XX N LOCKWOOD AVE,1310,Criminal Damage,To Property,Residence,1,1,2532,25,37,25,14,1140764.0,1909050.0,2023,2023-09-14 15:41:00,41.9065191,-87.75835963,"(41.906519104, -87.758359629)"
13193728,JG404030,2023-08-30 15:28:00,026XX N ELSTON AVE,860,Theft,Retail Theft,Department Store,1,0,1432,14,32,22,6,1160867.0,1917657.0,2023,2023-09-14 15:41:00,41.92974382,-87.68427378,"(41.929743818, -87.684273777)"
13194223,JG404599,2023-08-30 10:34:00,026XX N HARDING AVE,1310,Criminal Damage,To Property,Apartment,1,1,2524,25,35,22,14,1149604.0,1917256.0,2023,2023-09-14 15:41:00,41.92886994,-87.72567292,"(41.928869943, -87.725672915)"
13195102,JG405850,2023-08-31 17:12:00,025XX N NARRAGANSETT AVE,860,Theft,Retail Theft,Small Retail Store,1,0,2512,25,36,19,6,1133317.0,1916205.0,2023,2023-09-14 15:41:00,41.92628702,-87.785548,"(41.926287021, -87.785547998)"
13196606,JG407589,2023-09-02 00:35:00,021XX W DIVISION ST,454,Battery,"Aggravated P.O. - Hands, Fists, Feet, No / Minor Injury",Street,1,0,1424,14,1,24,08B,1161836.0,1907964.0,2023,2023-09-14 15:41:00,41.90312536,-87.6809839,"(41.903125362, -87.680983903)"
13196922,JG407863,2023-09-02 01:00:00,080XX S UNION AVE,486,Battery,Domestic Battery Simple,Residence,1,1,621,6,6,71,08B,1173030.0,1851606.0,2023,2023-09-14 15:41:00,41.74823293,-87.64153328,"(41.748232929, -87.641533277)"
13197242,JG408409,2023-09-02 16:28:00,016XX N NEWCASTLE AVE,920,Motor Vehicle Theft,Attempt - Automobile,Residence,1,0,2513,25,29,25,7,1130508.0,1910138.0,2023,2023-09-14 15:41:00,41.90968718,-87.79600963,"(41.909687183, -87.796009633)"
13197663,JG408814,2023-09-02 23:00:00,100XX S AVENUE M,497,Battery,Aggravated Domestic Battery - Other Dangerous Weapon,Apartment,1,1,432,4,10,52,04B,1201485.0,1838962.0,2023,2023-09-14 15:41:00,41.71286177,-87.53769489,"(41.71286177, -87.537694886)"
13197901,JG409181,2023-09-01 19:50:00,049XX W CONCORD PL,5002,Other Offense,Other Vehicle Offense,Street,0,0,2533,25,37,25,26,1143047.0,1910513.0,2023,2023-09-14 15:41:00,41.91049144,-87.74993661,"(41.910491438, -87.749936608)"
13197965,JG409253,2023-09-03 03:00:00,071XX S SPAULDING AVE,910,Motor Vehicle Theft,Automobile,Street,1,0,831,8,17,66,7,1155606.0,1857008.0,2023,2023-09-14 15:41:00,41.76342357,-87.70523658,"(41.763423571, -87.705236576)"
13198575,JG409922,2023-09-03 21:50:00,054XX N MILWAUKEE AVE,502P,Other Offense,False / Stolen / Altered Trp,Street,1,0,1622,16,45,11,26,1136601.0,1936320.0,2023,2023-09-14 15:41:00,41.98142637,-87.77299737,"(41.98142637, -87.772997369)"
13199574,JG411101,2023-09-04 19:15:00,053XX S HOMAN AVE,486,Battery,Domestic Battery Simple,Residence,1,1,822,8,14,63,08B,1154617.0,1869058.0,2023,2023-09-14 15:41:00,41.79651034,-87.7085406,"(41.796510344, -87.708540596)"
13199642,JG411210,2023-09-04 21:47:00,035XX N CICERO AVE,502P,Other Offense,False / Stolen / Altered Trp,Street,1,0,1634,16,31,15,26,1143746.0,1923306.0,2023,2023-09-14 15:41:00,41.94558362,-87.74704737,"(41.945583621, -87.747047365)"
13199696,JG411222,2023-09-04 22:10:00,044XX N AUSTIN AVE,502P,Other Offense,False / Stolen / Altered Trp,Street,1,0,1622,16,38,15,26,1135547.0,1928943.0,2023,2023-09-14 15:41:00,41.96120206,-87.77704989,"(41.961202055, -87.777049892)"
13200550,JG412373,2023-05-24 12:00:00,059XX N MELVINA AVE,910,Motor Vehicle Theft,Automobile,Residence - Garage,0,1,1622,16,45,10,7,1133926.0,1939049.0,2023,2023-09-14 15:41:00,41.98896259,-87.78277087,"(41.988962585, -87.782770866)"
13200685,JG412660,2023-09-05 19:18:00,019XX N CENTRAL AVE,502P,Other Offense,False / Stolen / Altered Trp,Street,1,0,2515,25,29,25,26,1138744.0,1912269.0,2023,2023-09-14 15:41:00,41.91538933,-87.76570174,"(41.915389329, -87.765701742)"
13200930,JG412695,2023-09-05 19:22:00,021XX N AUSTIN AVE,520,Assault,Aggravated - Knife / Cutting Instrument,Apartment,1,1,2515,25,36,19,04A,1136050.0,1913726.0,2023,2023-09-14 15:41:00,41.91943601,-87.77556459,"(41.91943601, -87.775564587)"
13201040,JG412889,2023-09-05 23:30:00,012XX N LAVERGNE AVE,502P,Other Offense,False / Stolen / Altered Trp,Street,1,0,2533,25,37,25,26,1142810.0,1907622.0,2023,2023-09-14 15:41:00,41.90256263,-87.75087938,"(41.902562633, -87.750879383)"
13201167,JG412911,2023-09-05 22:54:00,019XX W NORTH AVE,502R,Other Offense,Vehicle Title / Registration Offense,Street,1,0,1424,14,1,24,26,1163086.0,1910663.0,2023,2023-09-14 15:41:00,41.91050544,-87.67631647,"(41.910505437, -87.676316472)"
13340870,JH118913,2023-12-07 01:00:00,050XX N BROADWAY,620,Burglary,Unlawful Entry,Apartment,0,0,2033,20,47,3,5,1167398.0,1933847.0,2023,2024-01-19 15:40:00,41.97403168,-87.65980667,"(41.974031676, -87.659806667)"
13340773,JH118602,2023-12-11 14:15:00,011XX N MONITOR AVE,1153,Deceptive Practice,Financial Identity Theft Over $ 300,,0,0,1511,15,29,25,11,1137147.0,1907077.0,2023,2024-01-19 15:40:00,41.90117071,-87.77169396,"(41.901170711, -87.771693958)"
13200739,JG412187,2023-09-05 14:51:00,033XX W DOUGLAS BLVD,041A,Battery,Aggravated - Handgun,Apartment,1,1,1021,10,24,29,04B,1154115.0,1893253.0,2023,2025-01-03 15:40:00,41.8629145,-87.70973744,"(41.862914501, -87.709737438)"
13340598,JH118606,2023-07-01 09:00:00,033XX N NARRAGANSETT AVE,1153,Deceptive Practice,Financial Identity Theft Over $ 300,Residence,0,0,1632,16,36,17,11,1133109.0,1921695.0,2023,2024-01-19 15:40:00,41.94135585,-87.78618357,"(41.941355854, -87.786183569)"
26262,JE366265,2021-09-08 16:45:00,047XX W HARRISON ST,110,Homicide,First Degree Murder,Car Wash,1,0,1131,11,24,25,01A,1144907.0,1896933.0,2021,2023-09-14 15:41:00,41.87319145,-87.74344656,"(41.873191445, -87.743446563)"
7823660,HS634379,2010-11-19 09:00:00,076XX S ABERDEEN ST,320,Robbery,Strong Arm - No Weapon,Residence,1,0,612,6,17,71,3,1170306.0,1854179.0,2010,2023-09-14 15:41:00,41.75535325,-87.65144019,"(41.755353249, -87.651440192)"
13691782,JH542240,2024-12-14 07:30:00,133XX S EDBROOKE AVE,1320,Criminal Damage,To Vehicle,Street,0,0,533,5,9,54,14,1179751.0,1816789.0,2024,2024-12-22 15:41:00,41.65253937,-87.61796514,"(41.652539374, -87.617965144)"
13208615,JG421831,2023-03-20 21:00:00,046XX N KEDZIE AVE,910,Motor Vehicle Theft,Automobile,Parking Lot / Garage (Non Residential),0,0,1713,17,33,14,7,1154207.0,1930786.0,2023,2023-09-14 15:41:00,41.96590645,-87.70839577,"(41.965906449, -87.708395773)"
13208678,JG412891,2023-09-01 01:30:00,047XX S KEATING AVE,1513,Prostitution,Soliciting For Business,Street,0,0,815,8,22,56,16,1145488.0,1872869.0,2023,2023-09-14 15:41:00,41.80714552,-87.74192176,"(41.807145524, -87.741921764)"
13208576,JG420847,2023-07-07 04:00:00,091XX S MARQUETTE AVE,820,Theft,$500 And Under,Residence - Porch / Hallway,0,0,423,4,7,48,6,1195849.0,1844794.0,2023,2023-09-14 15:41:00,41.72900636,-87.55814297,"(41.729006364, -87.558142967)"
13208665,JG406843,2023-09-01 13:09:00,132XX S ST LAWRENCE AVE,486,Battery,Domestic Battery Simple,Residence,0,1,533,5,10,54,08B,1182588.0,1817649.0,2023,2023-09-14 15:41:00,41.65483427,-87.60755843,"(41.654834273, -87.607558429)"
13208599,JG405706,2023-08-30 11:30:00,084XX S BURNHAM AVE,1750,Offense Involving Children,Child Abuse,Residence,0,0,423,4,7,46,08B,1196291.0,1849582.0,2023,2023-09-14 15:41:00,41.7421341,-87.55636551,"(41.742134096, -87.556365508)"
13208668,JG406226,2023-09-01 02:10:00,047XX W 47TH ST,1513,Prostitution,Soliciting For Business,Street,0,0,815,8,22,56,16,1145695.0,1873053.0,2023,2023-09-14 15:41:00,41.80764654,-87.74115789,"(41.807646537, -87.741157889)"
13208672,JG421467,2023-07-30 09:00:00,078XX S SOUTH SHORE DR,1152,Deceptive Practice,Illegal Use Cash Card,Apartment,0,0,421,4,7,46,11,1198248.0,1853536.0,2023,2023-09-14 15:41:00,41.75293545,-87.5490632,"(41.752935445, -87.5490632)"
13208609,JG421713,2023-08-17 18:00:00,041XX W BELMONT AVE,910,Motor Vehicle Theft,Automobile,Street,1,0,1731,17,30,16,7,1148281.0,1920957.0,2023,2023-10-04 15:41:00,41.93905144,-87.73043892,"(41.939051438, -87.730438917)"
13273157,JG499252,2023-11-10 10:50:00,060XX N BROADWAY,860,Theft,Retail Theft,Grocery Food Store,0,0,2433,24,48,77,6,1167213.0,1940125.0,2023,2023-11-18 15:40:00,41.99126267,-87.66030556,"(41.991262667, -87.660305558)"
13272458,JG498532,2023-11-10 05:30:00,027XX N NEWLAND AVE,460,Battery,Simple,Residence,0,0,2512,25,36,18,08B,1129621.0,1917357.0,2023,2023-11-18 15:40:00,41.92951224,-87.79910296,"(41.92951224, -87.799102956)"
13277018,JG503952,2023-11-10 03:00:00,064XX S ABERDEEN ST,820,Theft,$500 And Under,Street,0,0,724,7,16,68,6,1170090.0,1862066.0,2023,2023-11-18 15:40:00,41.77700087,-87.65200282,"(41.777000866, -87.652002823)"
13272973,JG499289,2023-11-10 17:30:00,009XX N KEYSTONE AVE,1310,Criminal Damage,To Property,Residence,0,0,1111,11,37,23,14,1149220.0,1905872.0,2023,2023-11-18 15:40:00,41.89763861,-87.72737955,"(41.897638613, -87.727379553)"
13273189,JG499439,2023-11-10 18:00:00,005XX N WALLER AVE,1320,Criminal Damage,To Vehicle,Vehicle Non-Commercial,0,0,1512,15,29,25,14,1138238.0,1903169.0,2023,2023-11-18 15:40:00,41.890427,-87.76778118,"(41.890427004, -87.767781176)"
13541720,JH361759,2024-07-24 19:45:00,008XX S WELLS ST,910,Motor Vehicle Theft,Automobile,Street,0,0,123,1,34,32,7,1174838.0,1896647.0,2024,2024-12-21 15:40:00,41.87178962,-87.6335643,"(41.87178962, -87.633564301)"
13273520,JG499839,2023-11-10 21:00:00,092XX S BISHOP ST,910,Motor Vehicle Theft,Automobile,Street,0,0,2222,22,21,73,7,1168287.0,1843507.0,2023,2023-11-18 15:40:00,41.72611144,-87.65914571,"(41.726111439, -87.659145706)"
13280402,JG507961,2023-11-07 17:30:00,057XX N SHERIDAN RD,810,Theft,Over $500,Cta Bus,0,0,2022,20,48,77,6,1168598.0,1938218.0,2023,2023-11-19 15:40:00,41.98599984,-87.65526673,"(41.985999837, -87.655266727)"
13281160,JG508937,2023-10-29 12:30:00,055XX N MILWAUKEE AVE,1310,Criminal Damage,To Property,Commercial / Business Office,0,0,1622,16,45,11,14,1136432.0,1936565.0,2023,2023-11-20 15:40:00,41.9821017,-87.77361302,"(41.982101703, -87.773613022)"
13206294,JG418967,2023-09-06 14:00:00,014XX N WASHTENAW AVE,1320,Criminal Damage,To Vehicle,Street,0,0,1423,14,26,24,14,1158153.0,1909396.0,2023,2023-09-14 15:43:00,41.90713095,-87.69447314,"(41.907130946, -87.694473144)"
13201410,JG413245,2023-09-06 09:22:00,006XX W ROOT ST,1340,Criminal Damage,To State Supported Property,Street,0,0,925,9,11,61,14,1172547.0,1877380.0,2023,2023-09-14 15:43:00,41.81897033,-87.64254439,"(41.818970326, -87.642544391)"
13204765,JG412994,2023-09-06 02:10:00,081XX S PEORIA ST,486,Battery,Domestic Battery Simple,Apartment,0,1,613,6,17,71,08B,1171722.0,1850939.0,2023,2023-09-14 15:43:00,41.74643135,-87.64634573,"(41.746431352, -87.646345733)"
13202231,JG414162,2023-09-06 17:38:00,073XX S ARTESIAN AVE,460,Battery,Simple,Apartment,0,0,835,8,18,66,08B,1161314.0,1855911.0,2023,2023-09-14 15:43:00,41.76029697,-87.6843458,"(41.760296965, -87.684345797)"
13201655,JG413525,2023-09-06 12:58:00,004XX W 63RD ST,486,Battery,Domestic Battery Simple,Apartment,0,1,722,7,20,68,08B,1174231.0,1863149.0,2023,2023-09-14 15:43:00,41.77988171,-87.63678991,"(41.779881706, -87.636789913)"
13201514,JG413462,2023-09-06 05:16:00,021XX S CANALPORT AVE,2820,Other Offense,Telephone Threat,Other (Specify),0,0,1235,12,25,31,08A,1170364.0,1889785.0,2023,2023-09-14 15:43:00,41.85305866,-87.65019051,"(41.853058663, -87.650190508)"
13202650,JG414607,2023-09-06 21:30:00,027XX S PRAIRIE AVE,820,Theft,$500 And Under,Street,0,0,133,1,4,35,6,1178499.0,1886506.0,2023,2023-09-14 15:43:00,41.84387939,-87.62043259,"(41.843879386, -87.620432585)"
13202208,JG414257,2023-09-06 20:50:00,017XX S WENTWORTH AVE,630,Burglary,Attempt Forcible Entry,Park Property,0,0,914,9,11,33,5,1175333.0,1891876.0,2023,2023-09-14 15:43:00,41.85868659,-87.6318901,"(41.858686589, -87.631890095)"
13202179,JG413885,2023-09-06 16:41:00,030XX N CICERO AVE,910,Motor Vehicle Theft,Automobile,Parking Lot / Garage (Non Residential),0,0,2521,25,31,19,7,1143852.0,1919599.0,2023,2023-09-14 15:43:00,41.93540928,-87.74675098,"(41.935409279, -87.74675098)"
13204504,JG416844,2023-09-06 12:00:00,031XX W LAWRENCE AVE,560,Assault,Simple,Other (Specify),0,0,1713,17,33,14,08A,1154413.0,1931719.0,2023,2023-09-14 15:43:00,41.96846253,-87.70761329,"(41.968462532, -87.707613294)"
13201944,JG414001,2023-09-06 17:30:00,046XX N LAKE SHORE DR NB,820,Theft,$500 And Under,Park Property,0,0,1914,19,46,3,6,1170862.0,1930976.0,2023,2023-09-14 15:43:00,41.96607814,-87.64715324,"(41.96607814, -87.647153241)"
13202908,JG414182,2023-09-06 19:54:00,087XX S STONY ISLAND AVE,860,Theft,Retail Theft,Small Retail Store,0,0,412,4,8,48,6,1188437.0,1847378.0,2023,2023-09-14 15:43:00,41.73627709,-87.58521219,"(41.736277091, -87.585212192)"
13202572,JG414628,2023-09-06 17:30:00,0000X W 72ND ST,910,Motor Vehicle Theft,Automobile,Street,0,0,731,7,6,69,7,1176987.0,1857260.0,2023,2023-09-14 15:43:00,41.76365995,-87.62686344,"(41.763659945, -87.626863438)"
13201900,JG413921,2023-09-06 17:05:00,057XX W ERIE ST,1320,Criminal Damage,To Vehicle,Street,0,0,1511,15,29,25,14,1137965.0,1903720.0,2023,2023-09-14 15:43:00,41.89194395,-87.76877046,"(41.891943951, -87.768770463)"
13201486,JG413291,2023-09-06 09:32:00,080XX S COTTAGE GROVE AVE,560,Assault,Simple,Apartment,0,0,631,6,6,44,08A,1182952.0,1851886.0,2023,2023-09-14 15:43:00,41.74877662,-87.60516736,"(41.748776618, -87.605167356)"
13202670,JG413315,2023-09-06 08:15:00,068XX S NORMAL BLVD,1310,Criminal Damage,To Property,Street,0,1,722,7,6,68,14,1174130.0,1859520.0,2023,2023-09-14 15:43:00,41.76992556,-87.63726788,"(41.769925563, -87.637267875)"
13202216,JG414059,2023-09-06 18:20:00,018XX N LUNA AVE,1310,Criminal Damage,To Property,Street,0,0,2532,25,37,25,14,1139111.0,1911573.0,2023,2023-09-14 15:43:00,41.91347275,-87.76437036,"(41.913472752, -87.764370362)"
13202307,JG414346,2023-09-06 23:11:00,046XX S HALSTED ST,610,Burglary,Forcible Entry,Grocery Food Store,0,0,925,9,15,61,5,1171750.0,1874033.0,2023,2023-09-14 15:43:00,41.80980337,-87.64556634,"(41.809803372, -87.64556634)"
13201743,JG413690,2023-09-06 06:45:00,015XX W VICTORIA ST,810,Theft,Over $500,Street,0,0,2013,20,48,77,6,1165036.0,1938612.0,2023,2023-09-14 15:43:00,41.98715762,-87.66835632,"(41.98715762, -87.668356321)"
13202922,JG414619,2023-09-06 18:00:00,014XX E 49TH ST,1320,Criminal Damage,To Vehicle,Street,0,0,222,2,4,39,14,1186638.0,1872793.0,2023,2023-09-14 15:43:00,41.8060608,-87.59099935,"(41.806060798, -87.590999348)"
13208213,JG421282,2023-07-24 09:00:00,017XX W CHASE AVE,1120,Deceptive Practice,Forgery,Residence,0,0,2423,24,49,1,10,1163649.0,1948306.0,2023,2023-10-08 15:41:00,42.01378764,-87.67318283,"(42.013787643, -87.673182834)"
13201577,JG413446,2023-09-06 03:30:00,022XX N TRIPP AVE,1710,Offense Involving Children,Endangering Life / Health Of Child,Apartment,1,1,2522,25,35,20,20,1147683.0,1914546.0,2023,2023-10-18 15:41:00,41.92147059,-87.73280178,"(41.921470593, -87.732801776)"
13203202,JG415063,2023-09-06 19:00:00,065XX N OCONTO AVE,4387,Other Offense,Violate Order Of Protection,Residence,1,1,1611,16,41,9,26,1127047.0,1943137.0,2023,2023-10-18 15:41:00,42.00029901,-87.80798102,"(42.000299008, -87.807981016)"
13201867,JG413796,2023-09-06 15:10:00,069XX S VERNON AVE,051A,Assault,Aggravated - Handgun,Alley,0,1,322,3,6,69,04A,1180444.0,1859195.0,2023,2023-09-14 15:43:00,41.76889118,-87.61413359,"(41.768891175, -87.614133593)"
13202013,JG413657,2023-09-06 10:30:00,051XX W HARRISON ST,560,Assault,Simple,Other (Specify),0,1,1533,15,29,25,08A,1142125.0,1896831.0,2023,2023-09-14 15:43:00,41.87296355,-87.7536633,"(41.872963554, -87.753663295)"
13202132,JG414140,2023-09-06 19:05:00,0000X S KARLOV AVE,2027,Narcotics,Possess - Crack,Street,1,0,1115,11,28,26,18,1149065.0,1899594.0,2023,2023-09-14 15:43:00,41.88041411,-87.72811149,"(41.880414105, -87.72811149)"
13201119,JG412964,2023-09-06 00:32:00,106XX S YATES AVE,4387,Other Offense,Violate Order Of Protection,Residence,0,1,434,4,10,51,26,1194343.0,1834949.0,2023,2023-09-14 15:43:00,41.70202782,-87.56398196,"(41.702027818, -87.563981957)"
13208459,JG421333,2023-09-05 08:00:00,040XX W DIVISION ST,320,Robbery,Strong Arm - No Weapon,Sidewalk,0,0,2534,25,37,23,3,1149008.0,1907694.0,2023,2023-09-14 15:41:00,41.90264247,-87.728111,"(41.902642474, -87.728111001)"
13202497,JG414523,2023-09-06 21:30:00,049XX S LAKE PARK AVE,820,Theft,$500 And Under,Street,0,0,222,2,4,39,6,1187186.0,1872524.0,2023,2023-09-14 15:43:00,41.80530964,-87.58899806,"(41.805309638, -87.58899806)"
13201593,JG413294,2023-09-06 09:42:00,003XX N DESPLAINES ST,1330,Criminal Trespass,To Land,Bank,1,0,1214,12,34,28,26,1171866.0,1902447.0,2023,2023-09-14 15:43:00,41.88777118,-87.64430467,"(41.887771177, -87.644304667)"
13201925,JG414069,2023-09-06 18:00:00,050XX N DAMEN AVE,910,Motor Vehicle Theft,Automobile,Apartment,0,0,2032,20,40,4,7,1162086.0,1933766.0,2023,2023-09-14 15:43:00,41.97392235,-87.67934257,"(41.973922349, -87.67934257)"
13202257,JG414361,2023-09-06 20:49:00,021XX S MICHIGAN AVE,1320,Criminal Damage,To Vehicle,Street,0,0,132,1,3,33,14,1177540.0,1890129.0,2023,2023-09-14 15:43:00,41.85384294,-87.62384204,"(41.853842942, -87.623842041)"
13208520,JG421371,2023-09-05 12:00:00,064XX S MAPLEWOOD AVE,1152,Deceptive Practice,Illegal Use Cash Card,Apartment,0,0,825,8,16,66,11,1160481.0,1861891.0,2023,2023-09-14 15:41:00,41.77672415,-87.68723414,"(41.776724154, -87.687234143)"
13202434,JG414470,2023-09-06 19:00:00,009XX N MASSASOIT AVE,910,Motor Vehicle Theft,Automobile,Street,0,0,1511,15,29,25,7,1137851.0,1905787.0,2023,2023-09-14 15:43:00,41.89761812,-87.76913922,"(41.897618116, -87.769139223)"
13206964,JG419908,2023-09-06 09:00:00,022XX N MARMORA AVE,820,Theft,$500 And Under,Street,0,0,2515,25,36,19,6,1136696.0,1914245.0,2023,2023-09-14 15:43:00,41.92084865,-87.7731786,"(41.920848651, -87.7731786)"
13202865,JG414581,2023-09-06 18:00:00,020XX S MICHIGAN AVE,610,Burglary,Forcible Entry,Apartment,0,0,132,1,3,33,5,1177528.0,1890620.0,2023,2023-09-14 15:43:00,41.85519055,-87.6238712,"(41.855190551, -87.623871195)"
13204239,JG416678,2023-09-06 02:52:00,047XX N SAWYER AVE,1365,Criminal Trespass,To Residence,Residence,0,0,1713,17,33,14,26,1153859.0,1931263.0,2023,2023-09-14 15:43:00,41.96722233,-87.70966254,"(41.967222325, -87.709662541)"
13201991,JG413971,2023-09-06 16:07:00,058XX S PRAIRIE AVE,930,Motor Vehicle Theft,Theft / Recovery - Automobile,Residence,0,0,232,2,20,40,7,1179039.0,1866338.0,2023,2023-09-14 15:43:00,41.78852441,-87.61906612,"(41.788524411, -87.619066119)"
13201817,JG413760,2023-09-06 13:30:00,001XX W RANDOLPH ST,560,Assault,Simple,Drug Store,0,0,122,1,42,32,08A,1175414.0,1901275.0,2023,2023-09-14 15:43:00,41.88447623,-87.63131061,"(41.884476226, -87.631310613)"
13203763,JG416027,2023-09-06 11:00:00,077XX S PHILLIPS AVE,1310,Criminal Damage,To Property,Residence - Garage,0,0,421,4,7,43,14,1193874.0,1854058.0,2023,2023-09-14 15:43:00,41.75447615,-87.56507476,"(41.754476149, -87.56507476)"
13208350,JG421512,2023-08-30 10:00:00,029XX W FLOURNOY ST,1153,Deceptive Practice,Financial Identity Theft Over $ 300,Apartment,0,0,1135,11,28,27,11,1156893.0,1896892.0,2023,2023-09-14 15:41:00,41.87284447,-87.699441,"(41.872844469, -87.699441004)"
13201138,JG412971,2023-09-06 00:35:00,061XX S SACRAMENTO AVE,498,Battery,"Agg. Domestic Battery - Hands, Fists, Feet, Serious Injury",Apartment,0,1,823,8,15,66,04B,1157433.0,1863868.0,2023,2023-09-14 15:43:00,41.78221163,-87.69835455,"(41.782211626, -87.698354554)"
13202268,JG414251,2023-09-06 21:55:00,001XX E 114TH PL,486,Battery,Domestic Battery Simple,Sidewalk,0,1,531,5,9,49,08B,1179150.0,1829075.0,2023,2023-09-14 15:43:00,41.68626771,-87.61979192,"(41.686267711, -87.61979192)"
13202265,JG414306,2023-09-06 22:00:00,014XX W RASCHER AVE,460,Battery,Simple,Apartment,0,0,2013,20,48,77,08B,1165475.0,1936292.0,2023,2023-09-14 15:43:00,41.98078211,-87.66680808,"(41.980782106, -87.666808076)"
13201338,JG412985,2023-09-06 01:21:00,045XX W PALMER ST,610,Burglary,Forcible Entry,Parking Lot / Garage (Non Residential),1,0,2522,25,26,20,5,1145605.0,1914236.0,2023,2023-09-14 15:43:00,41.9206596,-87.74044483,"(41.9206596, -87.740444827)"
13202964,JG415122,2023-09-06 20:00:00,076XX S MAPLEWOOD AVE,910,Motor Vehicle Theft,Automobile,Street,0,0,835,8,18,70,7,1160704.0,1853878.0,2023,2023-09-14 15:43:00,41.75473072,-87.68663749,"(41.754730716, -87.686637486)"
13203119,JG415345,2023-09-06 22:30:00,001XX N LOTUS AVE,4387,Other Offense,Violate Order Of Protection,Apartment,0,1,1523,15,37,25,26,1139929.0,1900484.0,2023,2023-09-14 15:43:00,41.88302827,-87.76163663,"(41.883028274, -87.761636626)"
13201664,JG413318,2023-09-06 10:06:00,041XX S PULASKI RD,031A,Robbery,Armed - Handgun,Small Retail Store,0,0,815,8,14,57,3,1150364.0,1876850.0,2023,2023-09-14 15:43:00,41.81797649,-87.7239343,"(41.81797649, -87.7239343)"
13202794,JG414838,2023-09-06 20:00:00,044XX S DR MARTIN LUTHER KING JR DR,820,Theft,$500 And Under,Vehicle Non-Commercial,0,0,215,2,3,38,6,1179604.0,1875566.0,2023,2023-09-14 15:43:00,41.81383396,-87.6167124,"(41.813833962, -87.616712397)"
13202614,JG414708,2023-09-06 14:00:00,050XX N KENMORE AVE,560,Assault,Simple,Apartment,0,0,2024,20,48,3,08A,1168336.0,1933911.0,2023,2023-09-14 15:43:00,41.97418701,-87.65635555,"(41.974187006, -87.656355545)"
13202195,JG414230,2023-09-06 21:25:00,013XX W 110TH ST,460,Battery,Simple,Residence - Yard (Front / Back),0,0,2234,22,21,75,08B,1169400.0,1831821.0,2023,2023-09-14 15:43:00,41.69401925,-87.65540571,"(41.694019253, -87.655405714)"
13203006,JG415104,2023-09-06 14:00:00,023XX W ADAMS ST,910,Motor Vehicle Theft,Automobile,Street,0,0,1225,12,27,28,7,1160784.0,1899020.0,2023,2023-09-14 15:43:00,41.87860416,-87.68509631,"(41.878604157, -87.685096307)"
13201686,JG413607,2023-09-06 13:40:00,111XX S LANGLEY AVE,580,Stalking,Simple,Residence - Yard (Front / Back),0,0,531,5,9,50,08A,1182905.0,1831206.0,2023,2023-09-14 15:43:00,41.6920293,-87.60597981,"(41.692029295, -87.605979811)"
13208053,JG421101,2023-07-23 00:00:00,076XX S HAMILTON AVE,2826,Other Offense,Harassment By Electronic Means,Residence,0,0,611,6,18,71,26,1163383.0,1853865.0,2023,2023-09-14 15:41:00,41.75463936,-87.67682005,"(41.754639362, -87.676820054)"
13201754,JG413725,2023-09-06 02:30:00,082XX S VERNON AVE,1320,Criminal Damage,To Vehicle,Street,0,0,631,6,6,44,14,1180677.0,1850516.0,2023,2023-09-14 15:43:00,41.74506971,-87.61354571,"(41.745069714, -87.613545708)"
13201780,JG413701,2023-09-06 12:25:00,069XX S PRAIRIE AVE,620,Burglary,Unlawful Entry,Residence,0,0,322,3,6,69,5,1179246.0,1858861.0,2023,2023-09-14 15:43:00,41.76800205,-87.61853502,"(41.768002049, -87.618535016)"
13201256,JG413040,2023-09-06 03:01:00,025XX W ARGYLE ST,610,Burglary,Forcible Entry,Residence - Garage,0,0,2031,20,40,4,5,1158495.0,1932992.0,2023,2023-09-14 15:43:00,41.97187292,-87.69256893,"(41.971872921, -87.692568932)"
13202328,JG414315,2023-09-06 21:10:00,024XX E 77TH ST,486,Battery,Domestic Battery Simple,Apartment,1,1,421,4,7,43,08B,1193666.0,1854380.0,2023,2023-09-14 15:43:00,41.75536484,-87.56582647,"(41.755364837, -87.565826474)"
13201188,JG412998,2023-09-06 02:10:00,044XX N CENTRAL AVE,1330,Criminal Trespass,To Land,Bar Or Tavern,1,0,1623,16,45,15,26,1138209.0,1928924.0,2023,2023-09-14 15:43:00,41.96110208,-87.76726326,"(41.961102078, -87.767263264)"
13208558,JG421589,2023-08-29 15:56:00,058XX S PEORIA ST,1330,Criminal Trespass,To Land,Residence - Yard (Front / Back),0,0,712,7,16,68,26,1171310.0,1865964.0,2023,2023-09-14 15:41:00,41.78767082,-87.64741635,"(41.787670818, -87.64741635)"
13202053,JG413925,2023-09-06 08:05:00,061XX S LANGLEY AVE,810,Theft,Over $500,Street,0,0,313,3,20,42,6,1181952.0,1864383.0,2023,2023-09-14 15:43:00,41.78309281,-87.60844576,"(41.783092808, -87.60844576)"
13202116,JG414129,2023-09-06 18:18:00,044XX N BROADWAY,860,Theft,Retail Theft,Small Retail Store,0,0,1913,19,46,3,6,1168469.0,1929861.0,2023,2023-09-14 15:43:00,41.96307079,-87.65598421,"(41.963070794, -87.655984213)"
13203267,JG415499,2023-09-06 19:00:00,077XX S RIDGEWAY AVE,910,Motor Vehicle Theft,Automobile,Street,0,0,833,8,18,70,7,1152629.0,1853027.0,2023,2023-09-14 15:43:00,41.75255818,-87.71625267,"(41.752558184, -87.716252667)"
13202410,JG414455,2023-09-06 23:00:00,126XX S TORRENCE AVE,910,Motor Vehicle Theft,Automobile,Parking Lot / Garage (Non Residential),0,0,433,4,10,55,7,1195862.0,1821766.0,2023,2023-09-14 15:43:00,41.66581486,-87.55885388,"(41.665814864, -87.558853882)"
13201238,JG412984,2023-09-06 01:34:00,052XX W OHIO ST,051A,Assault,Aggravated - Handgun,Apartment,0,1,1524,15,37,25,04A,1141495.0,1903470.0,2023,2023-09-14 15:43:00,41.89119345,-87.75581232,"(41.891193453, -87.755812324)"
13201190,JG412972,2023-09-06 00:53:00,041XX W CERMAK RD,910,Motor Vehicle Theft,Automobile,Street,0,1,1012,10,24,29,7,1148958.0,1889052.0,2023,2023-09-14 15:43:00,41.85148767,-87.72877699,"(41.851487667, -87.728776988)"
13206821,JG419750,2023-09-06 02:00:00,020XX W EVERGREEN AVE,810,Theft,Over $500,Street,0,0,1424,14,1,24,6,1162538.0,1909014.0,2023,2023-09-14 15:43:00,41.90599196,-87.67837587,"(41.905991963, -87.678375871)"
13202151,JG414189,2023-09-06 20:01:00,050XX W SUPERIOR ST,620,Burglary,Unlawful Entry,Residence,0,0,1531,15,37,25,5,1142680.0,1904504.0,2023,2023-10-25 15:41:00,41.8940089,-87.75143458,"(41.894008903, -87.751434582)"
13208147,JG421273,2023-04-19 11:30:00,036XX W ROOSEVELT RD,4230,Kidnapping,Unlawful Restraint,Street,0,0,1133,11,24,29,26,1152475.0,1894470.0,2023,2023-10-04 15:41:00,41.86628662,-87.71572561,"(41.866286618, -87.715725607)"
13202301,JG414325,2023-09-06 23:25:00,047XX N ROCKWELL ST,330,Robbery,Aggravated,Bar Or Tavern,1,0,1911,19,40,4,3,1158180.0,1931450.0,2023,2023-11-01 15:40:00,41.96764805,-87.69376956,"(41.967648053, -87.693769564)"
13201957,JG414037,2023-09-06 06:15:00,006XX W MONTROSE DR,820,Theft,$500 And Under,Lakefront / Waterfront / Riverbank,0,0,1915,19,46,3,6,1171215.0,1929505.0,2023,2023-09-14 15:43:00,41.96203391,-87.64589873,"(41.96203391, -87.645898728)"
13202279,JG414326,2023-09-06 23:50:00,073XX S RACINE AVE,031B,Robbery,Armed - Other Firearm,Street,0,1,734,7,17,67,3,1169587.0,1856300.0,2023,2023-09-14 15:43:00,41.76118916,-87.65401376,"(41.761189159, -87.65401376)"
13201311,JG413000,2023-09-06 02:35:00,083XX S INGLESIDE AVE,041A,Battery,Aggravated - Handgun,Street,0,0,632,6,8,44,04B,1184006.0,1849883.0,2023,2023-09-14 15:43:00,41.74325563,-87.60136759,"(41.743255632, -87.601367592)"
13340427,JH118356,2023-12-15 12:00:00,006XX W 116TH ST,1154,Deceptive Practice,Financial Identity Theft $300 And Under,Residence,0,0,524,5,21,53,11,1174170.0,1828225.0,2023,2024-01-19 15:40:00,41.68404692,-87.63804782,"(41.684046923, -87.638047823)"
13201151,JG412993,2023-09-06 02:00:00,117XX S STEWART AVE,051A,Assault,Aggravated - Handgun,Street,0,0,522,5,21,53,04A,1175733.0,1827097.0,2023,2023-09-14 15:43:00,41.68091676,-87.63235978,"(41.680916759, -87.632359783)"
13201778,JG413583,2023-09-06 13:30:00,011XX S CANAL ST,313,Robbery,Armed - Other Dangerous Weapon,Parking Lot / Garage (Non Residential),0,0,124,1,28,28,3,1173303.0,1895451.0,2023,2023-09-14 15:43:00,41.86854191,-87.63923536,"(41.868541914, -87.639235361)"
13202244,JG414262,2023-09-06 21:55:00,035XX W ARMITAGE AVE,1320,Criminal Damage,To Vehicle,Street,0,0,1422,14,26,22,14,1152682.0,1913065.0,2023,2023-09-14 15:43:00,41.91730907,-87.71447333,"(41.917309067, -87.714473331)"
13202813,JG414866,2023-09-06 10:30:00,005XX E 33RD PL,810,Theft,Over $500,Street,0,0,211,2,4,35,6,1180708.0,1882808.0,2023,2023-09-14 15:43:00,41.83368122,-87.61243999,"(41.83368122, -87.612439993)"
13201572,JG413364,2023-09-06 10:59:00,027XX N SPAULDING AVE,1020,Arson,By Fire,Street,0,0,1412,14,35,22,9,1153615.0,1917876.0,2023,2023-09-14 15:43:00,41.93049232,-87.71091716,"(41.930492323, -87.710917158)"
13203575,JG414288,2023-09-06 21:00:00,021XX E 68TH ST,810,Theft,Over $500,Street,0,0,331,3,5,43,6,1191823.0,1860308.0,2023,2023-09-14 15:43:00,41.77167666,-87.57238829,"(41.771676658, -87.572388286)"
13204322,JG416631,2023-09-06 15:00:00,057XX S STATE ST,810,Theft,Over $500,Parking Lot / Garage (Non Residential),0,0,232,2,20,40,6,1177260.0,1866758.0,2023,2023-09-14 15:43:00,41.7897173,-87.62557633,"(41.789717304, -87.625576333)"
13201614,JG413458,2023-09-06 11:57:00,018XX S UNION AVE,1310,Criminal Damage,To Property,School - Public Building,0,0,1235,12,25,31,14,1171826.0,1891345.0,2023,2023-09-14 15:43:00,41.85730738,-87.64477861,"(41.857307384, -87.644778606)"
13202202,JG414049,2023-09-06 18:22:00,062XX N LEAVITT ST,2820,Other Offense,Telephone Threat,Street,0,1,2413,24,50,2,08A,1160515.0,1941569.0,2023,2023-09-14 15:43:00,41.99536686,-87.68490232,"(41.995366855, -87.684902319)"
13202222,JG414277,2023-09-06 22:52:00,036XX N CICERO AVE,502P,Other Offense,False / Stolen / Altered Trp,Street,1,0,1731,17,30,15,26,1143720.0,1923978.0,2023,2023-09-14 15:43:00,41.94742814,-87.74712604,"(41.947428137, -87.747126039)"
13201805,JG413678,2023-09-06 14:45:00,031XX W FILLMORE ST,486,Battery,Domestic Battery Simple,Sidewalk,0,1,1134,11,24,29,08B,1155404.0,1895201.0,2023,2023-09-14 15:43:00,41.86823423,-87.70495329,"(41.868234232, -87.704953287)"
13203054,JG415263,2023-09-07 00:00:00,100XX W BALMORAL AVE,1130,Deceptive Practice,Fraud Or Confidence Game,Airport Terminal Lower Level - Secure Area,0,0,1650,16,41,76,11,1108491.0,1934242.0,2023,2023-09-14 15:43:00,41.97618213,-87.87642115,"(41.976182125, -87.876421145)"
13202515,JG414504,2023-09-06 15:00:00,022XX E 100TH ST,810,Theft,Over $500,Street,0,0,431,4,7,51,6,1192598.0,1839096.0,2023,2023-09-14 15:43:00,41.71345022,-87.57023696,"(41.71345022, -87.570236958)"
13201693,JG413564,2023-09-06 13:15:00,016XX W SHERWIN AVE,4387,Other Offense,Violate Order Of Protection,Street,1,1,2423,24,49,1,26,1164204.0,1948720.0,2023,2023-09-14 15:43:00,42.0149119,-87.6711289,"(42.014911903, -87.671128898)"
13207870,JG420877,2023-08-29 10:45:00,045XX S DREXEL BLVD,810,Theft,Over $500,Nursing / Retirement Home,0,0,221,2,4,39,6,1182953.0,1875184.0,2023,2023-09-14 15:41:00,41.81270843,-87.60444003,"(41.812708431, -87.60444003)"
13203247,JG415215,2023-09-06 12:00:00,104XX S MICHIGAN AVE,820,Theft,$500 And Under,Apartment,0,0,512,5,9,49,6,1178871.0,1835534.0,2023,2023-09-14 15:43:00,41.70399846,-87.62061763,"(41.70399846, -87.620617627)"
13205226,JG417674,2023-09-06 12:00:00,035XX N ELSTON AVE,810,Theft,Over $500,Apartment,0,0,1733,17,33,21,6,1154564.0,1923374.0,2023,2023-09-14 15:43:00,41.94556028,-87.70728224,"(41.945560284, -87.707282238)"
13208248,JG421395,2023-08-31 12:00:00,015XX N SEDGWICK ST,1153,Deceptive Practice,Financial Identity Theft Over $ 300,Apartment,0,0,1821,18,27,8,11,1173366.0,1910545.0,2023,2023-09-14 15:41:00,41.90995935,-87.6385554,"(41.909959349, -87.638555401)"
13201787,JG413675,2023-09-06 12:00:00,055XX N MELVINA AVE,910,Motor Vehicle Theft,Automobile,Street,0,0,1622,16,45,11,7,1133739.0,1936226.0,2023,2023-09-14 15:43:00,41.98121932,-87.78352534,"(41.981219319, -87.783525344)"
