ID,Case Number,Date,Block,IUCR,Primary Type,Description,Location Description,Arrest,Domestic,Beat,District,Ward,Community Area,FBI Code,X Coordinate,Y Coordinate,Year,Updated On,Latitude,Longitude,Location
13311263,JG503434,7/29/2022 3:39,023XX S TROY ST,1582,OFFENSE INVOLVING CHILDREN,CHILD PORNOGRAPHY,RESIDENCE,TRUE,FALSE,1033,10,25,30,17,,,2022,4/18/2024 15:40,,,
13053066,JG103252,1/3/2023 16:44,039XX W WASHINGTON BLVD,2017,NARCOTICS,MANUFACTURE / DELIVER - CRACK,SIDEWALK,TRUE,FALSE,1122,11,28,26,18,,,2023,1/20/2024 15:41,,,
11227634,JB147599,8/26/2017 10:00,001XX W RANDOLPH ST,281,CRIM SEXUAL ASSAULT,NON-AGGRAVATED,HOTEL/MOTEL,FALSE,FALSE,122,1,42,32,2,,,2017,2/11/2018 15:57,,,
13203321,JG415333,9/6/2023 17:00,002XX N Wells st,1320,CRIMINAL DAMAGE,TO VEHICLE,PARKING LOT / GARAGE (NON RESIDENTIAL),FALSE,FALSE,122,1,42,32,14,1174694,1901831,2023,11/4/2023 15:40,41.88601806,-87.63393788,"(41.886018055, -87.633937881)"
13204489,JG416325,9/6/2023 11:00,0000X E 8TH ST,810,THEFT,OVER $500,PARKING LOT / GARAGE (NON RESIDENTIAL),FALSE,FALSE,123,1,4,32,6,1176857,1896680,2023,11/4/2023 15:40,41.87183477,-87.62615082,"(41.871834768, -87.62615082)"
11695116,JC272771,5/21/2019 8:20,018XX S CALIFORNIA AVE,620,BURGLARY,UNLAWFUL ENTRY,RESIDENCE,FALSE,FALSE,1023,10,25,29,5,1157982,1890961,2019,1/19/2024 15:40,41.85654706,-87.69560453,"(41.856547057, -87.695604526)"
12419690,JE295655,7/7/2021 10:30,132XX S GREENWOOD AVE,1544,SEX OFFENSE,SEXUAL EXPLOITATION OF A CHILD,RESIDENCE,FALSE,FALSE,533,5,10,54,17,1186051,1817781,2021,1/19/2024 15:40,41.65511579,-87.5948832,"(41.65511579, -87.594883198)"
12729745,JF279458,6/14/2022 14:47,035XX N CENTRAL AVE,340,ROBBERY,ATTEMPT STRONG ARM - NO WEAPON,BANK,TRUE,FALSE,1633,16,30,15,3,1138391,1923142,2022,1/19/2024 15:40,41.94523241,-87.76673467,"(41.945232412, -87.766734668)"
12835559,JF406130,9/21/2022 22:00,004XX E 69TH ST,910,MOTOR VEHICLE THEFT,AUTOMOBILE,OTHER (SPECIFY),TRUE,FALSE,322,3,6,69,7,1180204,1859359,2022,1/19/2024 15:40,41.76934671,-87.61500829,"(41.769346711, -87.615008288)"
13003649,JG177593,2/22/2023 13:50,070XX S CLYDE AVE,610,BURGLARY,FORCIBLE ENTRY,RESIDENCE - PORCH / HALLWAY,TRUE,FALSE,331,3,5,43,5,1191427,1858753,2023,1/19/2024 15:40,41.76741922,-87.5738902,"(41.767419224, -87.573890196)"
13061203,JG246126,5/3/2023 8:10,073XX S EMERALD AVE,486,BATTERY,DOMESTIC BATTERY SIMPLE,STREET,TRUE,TRUE,732,7,6,68,08B,1172570,1856234,2023,1/19/2024 15:40,41.76094288,-87.64308281,"(41.760942883, -87.643082808)"
13256787,JG479716,12/25/2022 0:01,055XX S ALBANY AVE,486,BATTERY,DOMESTIC BATTERY SIMPLE,RESIDENCE - GARAGE,FALSE,TRUE,824,8,14,63,08B,1156659,1867650,2022,1/19/2024 15:40,41.79260562,-87.70109031,"(41.792605624, -87.70109031)"
27382,JG184406,3/13/2023 18:40,004XX E 88TH ST,110,HOMICIDE,FIRST DEGREE MURDER,ALLEY,TRUE,FALSE,632,6,8,44,01A,1180808,1846737,2023,1/19/2024 15:40,41.73469669,-87.61318158,"(41.734696692, -87.613181581)"
27547,JH119907,6/5/2023 21:15,020XX N KIMBALL AVE,110,HOMICIDE,FIRST DEGREE MURDER,APARTMENT,TRUE,TRUE,1413,14,26,22,01A,1153376,1913502,2023,1/19/2024 15:40,41.91849446,-87.71191192,"(41.918494462, -87.711911917)"
6255892,HP342049,5/17/2008 18:00,101XX S LAFAYETTE AVE,031A,ROBBERY,ARMED - HANDGUN,RESIDENCE,FALSE,FALSE,511,5,9,49,3,1177712,1837726,2008,1/19/2024 15:40,41.71003986,-87.62479561,"(41.710039855, -87.62479561)"
6272641,HP358387,5/27/2008 1:00,105XX S PERRY AVE,320,ROBBERY,STRONG ARM - NO WEAPON,STREET,FALSE,TRUE,512,5,9,49,3,1177463,1835161,2008,1/19/2024 15:40,41.70300676,-87.62578466,"(41.703006756, -87.625784664)"
6438609,HP496499,8/5/2008 22:37,126XX S UNION AVE,031A,ROBBERY,ARMED - HANDGUN,SCHOOL - PUBLIC GROUNDS,FALSE,FALSE,523,5,9,53,3,1173953,1821073,2008,1/19/2024 15:40,41.66442548,-87.63905314,"(41.664425476, -87.639053139)"
6680276,HP754070,12/27/2008 20:00,058XX N MANTON AVE,610,BURGLARY,FORCIBLE ENTRY,RESIDENCE - GARAGE,FALSE,FALSE,1622,16,39,11,5,1137225,1938474,2008,1/19/2024 15:40,41.9873259,-87.77065041,"(41.9873259, -87.770650405)"
11662417,JC232642,4/21/2019 12:30,009XX E 80TH ST,031A,ROBBERY,ARMED - HANDGUN,RESIDENCE,FALSE,FALSE,631,6,8,44,3,1184044,1852159,2019,9/14/2023 15:41,41.74950033,-87.6011574,"(41.749500329, -87.6011574)"
12218064,JD426642,10/30/2020 16:30,011XX E 82ND ST,266,CRIMINAL SEXUAL ASSAULT,PREDATORY,RESIDENCE,TRUE,TRUE,411,4,8,45,2,1185144,1850850,2020,9/14/2023 15:41,41.74588254,-87.59716764,"(41.745882542, -87.597167639)"
12416972,JE293535,10/1/2020 0:01,031XX W 53RD PL,1753,OFFENSE INVOLVING CHILDREN,SEXUAL ASSAULT OF CHILD BY FAMILY MEMBER,RESIDENCE,FALSE,TRUE,923,9,14,63,2,,,2020,9/14/2023 15:41,,,
12536164,JE439378,9/24/2015 0:00,031XX W 53RD PL,1753,OFFENSE INVOLVING CHILDREN,SEXUAL ASSAULT OF CHILD BY FAMILY MEMBER,APARTMENT,FALSE,TRUE,923,9,14,63,2,,,2015,9/14/2023 15:41,,,
12536166,JE439332,9/7/2014 0:00,031XX W 53RD PL,1753,OFFENSE INVOLVING CHILDREN,SEXUAL ASSAULT OF CHILD BY FAMILY MEMBER,APARTMENT,FALSE,TRUE,923,9,14,63,2,,,2014,9/14/2023 15:41,,,
12592454,JF113025,1/14/2022 15:55,067XX S MORGAN ST,2826,OTHER OFFENSE,HARASSMENT BY ELECTRONIC MEANS,RESIDENCE,FALSE,TRUE,724,7,16,68,26,1170805,1860170,2022,9/14/2023 15:41,41.77178244,-87.64943693,"(41.771782439, -87.649436929)"
12601676,JF124024,1/13/2022 16:00,031XX W AUGUSTA BLVD,1752,OFFENSE INVOLVING CHILDREN,AGGRAVATED CRIMINAL SEXUAL ABUSE BY FAMILY MEMBER,RESIDENCE,FALSE,TRUE,1211,12,36,23,17,1155171,1906486,2022,9/14/2023 15:41,41.89920607,-87.70550559,"(41.899206068, -87.705505587)"
12785595,JF346553,8/5/2022 21:00,072XX S UNIVERSITY AVE,1544,SEX OFFENSE,SEXUAL EXPLOITATION OF A CHILD,APARTMENT,TRUE,FALSE,324,3,5,69,17,1185135,1857211,2022,9/14/2023 15:41,41.76333797,-87.59700113,"(41.763337967, -87.597001131)"
12342615,JE202211,4/17/2021 15:20,081XX S PRAIRIE AVE,325,ROBBERY,VEHICULAR HIJACKING,RESIDENCE,FALSE,FALSE,631,6,6,44,3,1179448,1851073,2021,4/16/2025 15:40,41.74662631,-87.61803195,"(41.746626309, -87.618031954)"
12808281,JF373517,8/14/2022 14:00,055XX W ARDMORE AVE,1562,SEX OFFENSE,AGGRAVATED CRIMINAL SEXUAL ABUSE,RESIDENCE,FALSE,FALSE,1621,16,39,11,17,1138383,1937953,2022,9/14/2023 15:41,41.98587528,-87.76640386,"(41.985875279, -87.766403857)"
12829020,JF398208,1/1/2015 0:01,080XX S WOOD ST,266,CRIMINAL SEXUAL ASSAULT,PREDATORY,RESIDENCE,FALSE,TRUE,611,6,17,71,2,,,2015,9/14/2023 15:41,,,
12888104,JF469015,11/10/2022 3:47,072XX S MAY ST,1477,WEAPONS VIOLATION,RECKLESS FIREARM DISCHARGE,STREET,FALSE,FALSE,733,7,17,68,15,1169903,1856822,2022,9/14/2023 15:41,41.76261474,-87.65284046,"(41.76261474, -87.652840463)"
12914647,JF500216,7/10/2013 0:00,046XX S SAWYER AVE,1753,OFFENSE INVOLVING CHILDREN,SEXUAL ASSAULT OF CHILD BY FAMILY MEMBER,APARTMENT,FALSE,TRUE,821,8,12,58,2,,,2013,9/14/2023 15:41,,,
12978205,JG146937,8/1/2022 22:00,028XX S KEELER AVE,1562,SEX OFFENSE,AGGRAVATED CRIMINAL SEXUAL ABUSE,APARTMENT,FALSE,TRUE,1031,10,22,30,17,,,2022,9/14/2023 15:41,,,
12990873,JG161829,8/17/2019 13:14,008XX N KARLOV AVE,1751,OFFENSE INVOLVING CHILDREN,CRIMINAL SEXUAL ABUSE BY FAMILY MEMBER,RESIDENCE,TRUE,TRUE,1111,11,37,23,17,1148899,1905351,2019,9/14/2023 15:41,41.89621515,-87.72857205,"(41.89621515, -87.728572048)"
13041906,JG203447,10/15/2022 1:30,051XX W WRIGHTWOOD AVE,486,BATTERY,DOMESTIC BATTERY SIMPLE,APARTMENT,TRUE,TRUE,2521,25,31,19,08B,,,2022,9/14/2023 15:41,,,
13045102,JG226663,3/30/2023 9:16,080XX S DREXEL AVE,1544,SEX OFFENSE,SEXUAL EXPLOITATION OF A CHILD,APARTMENT,FALSE,TRUE,631,6,8,44,17,1183631,1851847,2023,9/14/2023 15:41,41.7486538,-87.60268049,"(41.748653803, -87.602680492)"
13074891,JG262771,5/10/2023 12:43,028XX N MANGO AVE,1754,OFFENSE INVOLVING CHILDREN,AGGRAVATED SEXUAL ASSAULT OF CHILD BY FAMILY MEMBER,RESIDENCE,FALSE,TRUE,2514,25,30,19,2,1137557,1918320,2023,9/14/2023 15:41,41.93201543,-87.76991667,"(41.932015426, -87.769916668)"
13099339,JG291745,4/1/2023 11:13,020XX N LAPORTE AVE,1751,OFFENSE INVOLVING CHILDREN,CRIMINAL SEXUAL ABUSE BY FAMILY MEMBER,RESIDENCE,FALSE,TRUE,2522,25,26,19,17,1143059,1913090,2023,9/14/2023 15:41,41.91756278,-87.74982812,"(41.917562778, -87.749828117)"
13121127,JG313964,6/22/2023 18:52,015XX W NORTH AVE,1153,DECEPTIVE PRACTICE,FINANCIAL IDENTITY THEFT OVER $ 300,AUTO / BOAT / RV DEALERSHIP,TRUE,FALSE,1433,14,1,24,11,1165854,1910738,2023,9/14/2023 15:41,41.91065261,-87.66614577,"(41.91065261, -87.66614577)"
12955336,JG119661,11/16/2022 10:23,087XX S KINGSTON AVE,1562,SEX OFFENSE,AGGRAVATED CRIMINAL SEXUAL ABUSE,RESIDENCE,FALSE,TRUE,423,4,7,46,17,1194660,1847481,2022,11/15/2023 15:41,41.73640903,-87.56241031,"(41.736409029, -87.562410309)"
13210072,JG422242,8/11/2023 11:00,0000X S ALBANY AVE,1790,OFFENSE INVOLVING CHILDREN,CHILD ABDUCTION,RESIDENCE,FALSE,TRUE,1124,11,28,27,26,1155914,1899709,2023,9/16/2023 15:41,41.88059439,-87.70295942,"(41.880594385, -87.702959421)"
13124701,JG321999,6/30/2023 4:00,007XX E 111TH ST,583,STALKING,CYBERSTALKING,POLICE FACILITY / VEHICLE PARKING LOT,TRUE,FALSE,531,5,9,50,08A,1183356,1831503,2023,9/14/2023 15:41,41.69283384,-87.60431945,"(41.692833841, -87.60431945)"
13125020,JG320649,5/15/2015 0:00,041XX W 24TH PL,1752,OFFENSE INVOLVING CHILDREN,AGGRAVATED CRIMINAL SEXUAL ABUSE BY FAMILY MEMBER,APARTMENT,TRUE,TRUE,1013,10,22,30,17,,,2015,9/14/2023 15:41,,,
13129199,JG327622,7/4/2023 17:30,047XX S CALUMET AVE,910,MOTOR VEHICLE THEFT,AUTOMOBILE,STREET,TRUE,FALSE,224,2,3,38,7,1179230,1873766,2023,9/14/2023 15:41,41.80890316,-87.61813919,"(41.80890316, -87.618139193)"
13158716,JG362691,11/9/2018 0:00,017XX N NASHVILLE AVE,265,CRIMINAL SEXUAL ASSAULT,AGGRAVATED - OTHER,RESIDENCE,FALSE,FALSE,2513,25,29,25,2,1132147,1910836,2018,9/14/2023 15:41,41.91157425,-87.78997228,"(41.911574252, -87.789972279)"
13176001,JG382803,2/1/2023 14:00,058XX S MICHIGAN AVE,1562,SEX OFFENSE,AGGRAVATED CRIMINAL SEXUAL ABUSE,APARTMENT,TRUE,TRUE,232,2,20,40,17,1178158,1866236,2023,9/14/2023 15:41,41.78826455,-87.62229949,"(41.788264552, -87.62229949)"
13179181,JG386523,8/17/2023 15:15,020XX N MILWAUKEE AVE,860,THEFT,RETAIL THEFT,DEPARTMENT STORE,TRUE,FALSE,1431,14,1,22,6,1159682,1913243,2023,9/14/2023 15:41,41.91765602,-87.68875026,"(41.917656022, -87.688750258)"
13179344,JG386917,8/17/2023 19:25,030XX N ELBRIDGE AVE,860,THEFT,RETAIL THEFT,STREET,TRUE,FALSE,1412,14,35,21,6,1152158,1919830,2023,9/14/2023 15:41,41.93588316,-87.71621965,"(41.935883156, -87.716219645)"
13181797,JG389859,8/20/2023 4:30,020XX N LEAMINGTON AVE,1310,CRIMINAL DAMAGE,TO PROPERTY,RESIDENCE,TRUE,TRUE,2522,25,36,19,14,1141753,1913164,2023,9/14/2023 15:41,41.91779013,-87.75462463,"(41.917790125, -87.754624625)"
13181885,JG389920,8/20/2023 6:00,020XX N LECLAIRE AVE,820,THEFT,$500 AND UNDER,STREET,TRUE,TRUE,2522,25,26,19,6,1142089,1913063,2023,9/14/2023 15:41,41.91750674,-87.75339264,"(41.917506742, -87.753392641)"
13183042,JG391309,8/21/2023 7:28,016XX N WASHTENAW AVE,1350,CRIMINAL TRESPASS,TO STATE SUP LAND,CHA PARKING LOT / GROUNDS,TRUE,FALSE,1421,14,26,24,26,1158119,1910792,2023,9/14/2023 15:41,41.91096238,-87.69455985,"(41.910962378, -87.694559852)"
13183567,JG392073,8/21/2023 14:37,022XX N LEAMINGTON AVE,1220,DECEPTIVE PRACTICE,THEFT OF LOST / MISLAID PROPERTY,STREET,TRUE,FALSE,2522,25,26,19,11,1141688,1914409,2023,9/14/2023 15:41,41.92120774,-87.75483259,"(41.921207741, -87.754832585)"
13184491,JG393031,8/22/2023 11:44,026XX N ELSTON AVE,860,THEFT,RETAIL THEFT,DEPARTMENT STORE,TRUE,FALSE,1432,14,32,22,6,1160867,1917657,2023,9/14/2023 15:41,41.92974382,-87.68427378,"(41.929743818, -87.684273777)"
13187048,JG395977,8/24/2023 16:07,016XX W DIVISION ST,860,THEFT,RETAIL THEFT,DEPARTMENT STORE,TRUE,FALSE,1424,14,1,24,6,1164808,1908052,2023,9/14/2023 15:41,41.9033043,-87.67006468,"(41.903304304, -87.670064675)"
13188119,JG397237,5/15/2015 0:00,041XX W 24TH PL,1754,OFFENSE INVOLVING CHILDREN,AGGRAVATED SEXUAL ASSAULT OF CHILD BY FAMILY MEMBER,APARTMENT,TRUE,TRUE,1013,10,22,30,2,,,2015,9/14/2023 15:41,,,
13188630,JG398002,8/26/2023 2:15,047XX W FULLERTON AVE,1330,CRIMINAL TRESPASS,TO LAND,RESTAURANT,TRUE,FALSE,2522,25,31,19,26,1144183,1915534,2023,9/14/2023 15:41,41.9242483,-87.74563692,"(41.924248302, -87.745636923)"
13189104,JG398575,8/26/2023 13:43,050XX N PULASKI RD,860,THEFT,RETAIL THEFT,GROCERY FOOD STORE,TRUE,FALSE,1712,17,39,14,6,1148820,1933099,2023,9/14/2023 15:41,41.97235959,-87.72814279,"(41.972359593, -87.728142793)"
13189895,JG399264,8/27/2023 1:16,048XX N KIMBALL AVE,454,BATTERY,"AGGRAVATED P.O. - HANDS, FISTS, FEET, NO / MINOR INJURY",STREET,TRUE,FALSE,1712,17,33,14,08B,1152841,1931987,2023,9/14/2023 15:41,41.9692293,-87.71338636,"(41.969229299, -87.713386363)"
13190165,JG399731,8/27/2023 11:58,025XX N ELSTON AVE,860,THEFT,RETAIL THEFT,APPLIANCE STORE,TRUE,FALSE,1432,14,32,22,6,1161467,1917112,2023,9/14/2023 15:41,41.92823582,-87.68208415,"(41.928235818, -87.682084152)"
13190179,JG399829,8/27/2023 13:16,032XX W NORTH AVE,860,THEFT,RETAIL THEFT,SMALL RETAIL STORE,TRUE,FALSE,1422,14,26,23,6,1154551,1910454,2023,9/14/2023 15:41,41.91010705,-87.70767654,"(41.910107045, -87.707676543)"
13190936,JG400683,8/27/2023 22:00,072XX S AVERS AVE,910,MOTOR VEHICLE THEFT,AUTOMOBILE,STREET,TRUE,FALSE,833,8,23,65,7,1151953,1856354,2023,9/14/2023 15:41,41.76170131,-87.71864284,"(41.761701305, -87.718642841)"
13190943,JG400635,8/28/2023 6:23,027XX N NARRAGANSETT AVE,1320,CRIMINAL DAMAGE,TO VEHICLE,PARKING LOT / GARAGE (NON RESIDENTIAL),TRUE,FALSE,2512,25,36,19,14,1133273,1917606,2023,9/14/2023 15:41,41.9301323,-87.7856768,"(41.9301323, -87.785676799)"
13192516,JG402535,8/29/2023 13:59,014XX N LOCKWOOD AVE,1310,CRIMINAL DAMAGE,TO PROPERTY,RESIDENCE,TRUE,TRUE,2532,25,37,25,14,1140764,1909050,2023,9/14/2023 15:41,41.9065191,-87.75835963,"(41.906519104, -87.758359629)"
13193728,JG404030,8/30/2023 15:28,026XX N ELSTON AVE,860,THEFT,RETAIL THEFT,DEPARTMENT STORE,TRUE,FALSE,1432,14,32,22,6,1160867,1917657,2023,9/14/2023 15:41,41.92974382,-87.68427378,"(41.929743818, -87.684273777)"
13194223,JG404599,8/30/2023 10:34,026XX N HARDING AVE,1310,CRIMINAL DAMAGE,TO PROPERTY,APARTMENT,TRUE,TRUE,2524,25,35,22,14,1149604,1917256,2023,9/14/2023 15:41,41.92886994,-87.72567292,"(41.928869943, -87.725672915)"
13195102,JG405850,8/31/2023 17:12,025XX N NARRAGANSETT AVE,860,THEFT,RETAIL THEFT,SMALL RETAIL STORE,TRUE,FALSE,2512,25,36,19,6,1133317,1916205,2023,9/14/2023 15:41,41.92628702,-87.785548,"(41.926287021, -87.785547998)"
13196606,JG407589,9/2/2023 0:35,021XX W DIVISION ST,454,BATTERY,"AGGRAVATED P.O. - HANDS, FISTS, FEET, NO / MINOR INJURY",STREET,TRUE,FALSE,1424,14,1,24,08B,1161836,1907964,2023,9/14/2023 15:41,41.90312536,-87.6809839,"(41.903125362, -87.680983903)"
13196922,JG407863,9/2/2023 1:00,080XX S UNION AVE,486,BATTERY,DOMESTIC BATTERY SIMPLE,RESIDENCE,TRUE,TRUE,621,6,6,71,08B,1173030,1851606,2023,9/14/2023 15:41,41.74823293,-87.64153328,"(41.748232929, -87.641533277)"
13197242,JG408409,9/2/2023 16:28,016XX N NEWCASTLE AVE,920,MOTOR VEHICLE THEFT,ATTEMPT - AUTOMOBILE,RESIDENCE,TRUE,FALSE,2513,25,29,25,7,1130508,1910138,2023,9/14/2023 15:41,41.90968718,-87.79600963,"(41.909687183, -87.796009633)"
13197663,JG408814,9/2/2023 23:00,100XX S AVENUE M,497,BATTERY,AGGRAVATED DOMESTIC BATTERY - OTHER DANGEROUS WEAPON,APARTMENT,TRUE,TRUE,432,4,10,52,04B,1201485,1838962,2023,9/14/2023 15:41,41.71286177,-87.53769489,"(41.71286177, -87.537694886)"
13197901,JG409181,9/1/2023 19:50,049XX W CONCORD PL,5002,OTHER OFFENSE,OTHER VEHICLE OFFENSE,STREET,FALSE,FALSE,2533,25,37,25,26,1143047,1910513,2023,9/14/2023 15:41,41.91049144,-87.74993661,"(41.910491438, -87.749936608)"
13197965,JG409253,9/3/2023 3:00,071XX S SPAULDING AVE,910,MOTOR VEHICLE THEFT,AUTOMOBILE,STREET,TRUE,FALSE,831,8,17,66,7,1155606,1857008,2023,9/14/2023 15:41,41.76342357,-87.70523658,"(41.763423571, -87.705236576)"
13198575,JG409922,9/3/2023 21:50,054XX N MILWAUKEE AVE,502P,OTHER OFFENSE,FALSE / STOLEN / ALTERED TRP,STREET,TRUE,FALSE,1622,16,45,11,26,1136601,1936320,2023,9/14/2023 15:41,41.98142637,-87.77299737,"(41.98142637, -87.772997369)"
13199574,JG411101,9/4/2023 19:15,053XX S HOMAN AVE,486,BATTERY,DOMESTIC BATTERY SIMPLE,RESIDENCE,TRUE,TRUE,822,8,14,63,08B,1154617,1869058,2023,9/14/2023 15:41,41.79651034,-87.7085406,"(41.796510344, -87.708540596)"
13199642,JG411210,9/4/2023 21:47,035XX N CICERO AVE,502P,OTHER OFFENSE,FALSE / STOLEN / ALTERED TRP,STREET,TRUE,FALSE,1634,16,31,15,26,1143746,1923306,2023,9/14/2023 15:41,41.94558362,-87.74704737,"(41.945583621, -87.747047365)"
13199696,JG411222,9/4/2023 22:10,044XX N AUSTIN AVE,502P,OTHER OFFENSE,FALSE / STOLEN / ALTERED TRP,STREET,TRUE,FALSE,1622,16,38,15,26,1135547,1928943,2023,9/14/2023 15:41,41.96120206,-87.77704989,"(41.961202055, -87.777049892)"
13200550,JG412373,5/24/2023 12:00,059XX N MELVINA AVE,910,MOTOR VEHICLE THEFT,AUTOMOBILE,RESIDENCE - GARAGE,FALSE,TRUE,1622,16,45,10,7,1133926,1939049,2023,9/14/2023 15:41,41.98896259,-87.78277087,"(41.988962585, -87.782770866)"
13200685,JG412660,9/5/2023 19:18,019XX N CENTRAL AVE,502P,OTHER OFFENSE,FALSE / STOLEN / ALTERED TRP,STREET,TRUE,FALSE,2515,25,29,25,26,1138744,1912269,2023,9/14/2023 15:41,41.91538933,-87.76570174,"(41.915389329, -87.765701742)"
13200930,JG412695,9/5/2023 19:22,021XX N AUSTIN AVE,520,ASSAULT,AGGRAVATED - KNIFE / CUTTING INSTRUMENT,APARTMENT,TRUE,TRUE,2515,25,36,19,04A,1136050,1913726,2023,9/14/2023 15:41,41.91943601,-87.77556459,"(41.91943601, -87.775564587)"
13201040,JG412889,9/5/2023 23:30,012XX N LAVERGNE AVE,502P,OTHER OFFENSE,FALSE / STOLEN / ALTERED TRP,STREET,TRUE,FALSE,2533,25,37,25,26,1142810,1907622,2023,9/14/2023 15:41,41.90256263,-87.75087938,"(41.902562633, -87.750879383)"
13201167,JG412911,9/5/2023 22:54,019XX W NORTH AVE,502R,OTHER OFFENSE,VEHICLE TITLE / REGISTRATION OFFENSE,STREET,TRUE,FALSE,1424,14,1,24,26,1163086,1910663,2023,9/14/2023 15:41,41.91050544,-87.67631647,"(41.910505437, -87.676316472)"
13340870,JH118913,12/7/2023 1:00,050XX N BROADWAY,620,BURGLARY,UNLAWFUL ENTRY,APARTMENT,FALSE,FALSE,2033,20,47,3,5,1167398,1933847,2023,1/19/2024 15:40,41.97403168,-87.65980667,"(41.974031676, -87.659806667)"
13340773,JH118602,12/11/2023 14:15,011XX N MONITOR AVE,1153,DECEPTIVE PRACTICE,FINANCIAL IDENTITY THEFT OVER $ 300,,FALSE,FALSE,1511,15,29,25,11,1137147,1907077,2023,1/19/2024 15:40,41.90117071,-87.77169396,"(41.901170711, -87.771693958)"
13200739,JG412187,9/5/2023 14:51,033XX W DOUGLAS BLVD,041A,BATTERY,AGGRAVATED - HANDGUN,APARTMENT,TRUE,TRUE,1021,10,24,29,04B,1154115,1893253,2023,1/3/2025 15:40,41.8629145,-87.70973744,"(41.862914501, -87.709737438)"
13340598,JH118606,7/1/2023 9:00,033XX N NARRAGANSETT AVE,1153,DECEPTIVE PRACTICE,FINANCIAL IDENTITY THEFT OVER $ 300,RESIDENCE,FALSE,FALSE,1632,16,36,17,11,1133109,1921695,2023,1/19/2024 15:40,41.94135585,-87.78618357,"(41.941355854, -87.786183569)"
26262,JE366265,9/8/2021 16:45,047XX W HARRISON ST,110,HOMICIDE,FIRST DEGREE MURDER,CAR WASH,TRUE,FALSE,1131,11,24,25,01A,1144907,1896933,2021,9/14/2023 15:41,41.87319145,-87.74344656,"(41.873191445, -87.743446563)"
7823660,HS634379,11/19/2010 9:00,076XX S ABERDEEN ST,320,ROBBERY,STRONG ARM - NO WEAPON,RESIDENCE,TRUE,FALSE,612,6,17,71,3,1170306,1854179,2010,9/14/2023 15:41,41.75535325,-87.65144019,"(41.755353249, -87.651440192)"
13691782,JH542240,12/14/2024 7:30,133XX S EDBROOKE AVE,1320,CRIMINAL DAMAGE,TO VEHICLE,STREET,FALSE,FALSE,533,5,9,54,14,1179751,1816789,2024,12/22/2024 15:41,41.65253937,-87.61796514,"(41.652539374, -87.617965144)"
13208615,JG421831,3/20/2023 21:00,046XX N KEDZIE AVE,910,MOTOR VEHICLE THEFT,AUTOMOBILE,PARKING LOT / GARAGE (NON RESIDENTIAL),FALSE,FALSE,1713,17,33,14,7,1154207,1930786,2023,9/14/2023 15:41,41.96590645,-87.70839577,"(41.965906449, -87.708395773)"
13208678,JG412891,9/1/2023 1:30,047XX S KEATING AVE,1513,PROSTITUTION,SOLICITING FOR BUSINESS,STREET,FALSE,FALSE,815,8,22,56,16,1145488,1872869,2023,9/14/2023 15:41,41.80714552,-87.74192176,"(41.807145524, -87.741921764)"
13208576,JG420847,7/7/2023 4:00,091XX S MARQUETTE AVE,820,THEFT,$500 AND UNDER,RESIDENCE - PORCH / HALLWAY,FALSE,FALSE,423,4,7,48,6,1195849,1844794,2023,9/14/2023 15:41,41.72900636,-87.55814297,"(41.729006364, -87.558142967)"
13208665,JG406843,9/1/2023 13:09,132XX S ST LAWRENCE AVE,486,BATTERY,DOMESTIC BATTERY SIMPLE,RESIDENCE,FALSE,TRUE,533,5,10,54,08B,1182588,1817649,2023,9/14/2023 15:41,41.65483427,-87.60755843,"(41.654834273, -87.607558429)"
13208599,JG405706,8/30/2023 11:30,084XX S BURNHAM AVE,1750,OFFENSE INVOLVING CHILDREN,CHILD ABUSE,RESIDENCE,FALSE,FALSE,423,4,7,46,08B,1196291,1849582,2023,9/14/2023 15:41,41.7421341,-87.55636551,"(41.742134096, -87.556365508)"
13208668,JG406226,9/1/2023 2:10,047XX W 47TH ST,1513,PROSTITUTION,SOLICITING FOR BUSINESS,STREET,FALSE,FALSE,815,8,22,56,16,1145695,1873053,2023,9/14/2023 15:41,41.80764654,-87.74115789,"(41.807646537, -87.741157889)"
13208672,JG421467,7/30/2023 9:00,078XX S SOUTH SHORE DR,1152,DECEPTIVE PRACTICE,ILLEGAL USE CASH CARD,APARTMENT,FALSE,FALSE,421,4,7,46,11,1198248,1853536,2023,9/14/2023 15:41,41.75293545,-87.5490632,"(41.752935445, -87.5490632)"
13208609,JG421713,8/17/2023 18:00,041XX W BELMONT AVE,910,MOTOR VEHICLE THEFT,AUTOMOBILE,STREET,TRUE,FALSE,1731,17,30,16,7,1148281,1920957,2023,10/4/2023 15:41,41.93905144,-87.73043892,"(41.939051438, -87.730438917)"
13273157,JG499252,11/10/2023 10:50,060XX N BROADWAY,860,THEFT,RETAIL THEFT,GROCERY FOOD STORE,FALSE,FALSE,2433,24,48,77,6,1167213,1940125,2023,11/18/2023 15:40,41.99126267,-87.66030556,"(41.991262667, -87.660305558)"
13272458,JG498532,11/10/2023 5:30,027XX N NEWLAND AVE,460,BATTERY,SIMPLE,RESIDENCE,FALSE,FALSE,2512,25,36,18,08B,1129621,1917357,2023,11/18/2023 15:40,41.92951224,-87.79910296,"(41.92951224, -87.799102956)"
13277018,JG503952,11/10/2023 3:00,064XX S ABERDEEN ST,820,THEFT,$500 AND UNDER,STREET,FALSE,FALSE,724,7,16,68,6,1170090,1862066,2023,11/18/2023 15:40,41.77700087,-87.65200282,"(41.777000866, -87.652002823)"
13272973,JG499289,11/10/2023 17:30,009XX N KEYSTONE AVE,1310,CRIMINAL DAMAGE,TO PROPERTY,RESIDENCE,FALSE,FALSE,1111,11,37,23,14,1149220,1905872,2023,11/18/2023 15:40,41.89763861,-87.72737955,"(41.897638613, -87.727379553)"
13273189,JG499439,11/10/2023 18:00,005XX N WALLER AVE,1320,CRIMINAL DAMAGE,TO VEHICLE,VEHICLE NON-COMMERCIAL,FALSE,FALSE,1512,15,29,25,14,1138238,1903169,2023,11/18/2023 15:40,41.890427,-87.76778118,"(41.890427004, -87.767781176)"
13541720,JH361759,7/24/2024 19:45,008XX S WELLS ST,910,MOTOR VEHICLE THEFT,AUTOMOBILE,STREET,FALSE,FALSE,123,1,34,32,7,1174838,1896647,2024,12/21/2024 15:40,41.87178962,-87.6335643,"(41.87178962, -87.633564301)"
13273520,JG499839,11/10/2023 21:00,092XX S BISHOP ST,910,MOTOR VEHICLE THEFT,AUTOMOBILE,STREET,FALSE,FALSE,2222,22,21,73,7,1168287,1843507,2023,11/18/2023 15:40,41.72611144,-87.65914571,"(41.726111439, -87.659145706)"
13280402,JG507961,11/7/2023 17:30,057XX N SHERIDAN RD,810,THEFT,OVER $500,CTA BUS,FALSE,FALSE,2022,20,48,77,6,1168598,1938218,2023,11/19/2023 15:40,41.98599984,-87.65526673,"(41.985999837, -87.655266727)"
13281160,JG508937,10/29/2023 12:30,055XX N MILWAUKEE AVE,1310,CRIMINAL DAMAGE,TO PROPERTY,COMMERCIAL / BUSINESS OFFICE,FALSE,FALSE,1622,16,45,11,14,1136432,1936565,2023,11/20/2023 15:40,41.9821017,-87.77361302,"(41.982101703, -87.773613022)"
13206294,JG418967,9/6/2023 14:00,014XX N WASHTENAW AVE,1320,CRIMINAL DAMAGE,TO VEHICLE,STREET,FALSE,FALSE,1423,14,26,24,14,1158153,1909396,2023,9/14/2023 15:43,41.90713095,-87.69447314,"(41.907130946, -87.694473144)"
13201410,JG413245,9/6/2023 9:22,006XX W ROOT ST,1340,CRIMINAL DAMAGE,TO STATE SUPPORTED PROPERTY,STREET,FALSE,FALSE,925,9,11,61,14,1172547,1877380,2023,9/14/2023 15:43,41.81897033,-87.64254439,"(41.818970326, -87.642544391)"
13204765,JG412994,9/6/2023 2:10,081XX S PEORIA ST,486,BATTERY,DOMESTIC BATTERY SIMPLE,APARTMENT,FALSE,TRUE,613,6,17,71,08B,1171722,1850939,2023,9/14/2023 15:43,41.74643135,-87.64634573,"(41.746431352, -87.646345733)"
13202231,JG414162,9/6/2023 17:38,073XX S ARTESIAN AVE,460,BATTERY,SIMPLE,APARTMENT,FALSE,FALSE,835,8,18,66,08B,1161314,1855911,2023,9/14/2023 15:43,41.76029697,-87.6843458,"(41.760296965, -87.684345797)"
13201655,JG413525,9/6/2023 12:58,004XX W 63RD ST,486,BATTERY,DOMESTIC BATTERY SIMPLE,APARTMENT,FALSE,TRUE,722,7,20,68,08B,1174231,1863149,2023,9/14/2023 15:43,41.77988171,-87.63678991,"(41.779881706, -87.636789913)"
13201514,JG413462,9/6/2023 5:16,021XX S CANALPORT AVE,2820,OTHER OFFENSE,TELEPHONE THREAT,OTHER (SPECIFY),FALSE,FALSE,1235,12,25,31,08A,1170364,1889785,2023,9/14/2023 15:43,41.85305866,-87.65019051,"(41.853058663, -87.650190508)"
13202650,JG414607,9/6/2023 21:30,027XX S PRAIRIE AVE,820,THEFT,$500 AND UNDER,STREET,FALSE,FALSE,133,1,4,35,6,1178499,1886506,2023,9/14/2023 15:43,41.84387939,-87.62043259,"(41.843879386, -87.620432585)"
13202208,JG414257,9/6/2023 20:50,017XX S WENTWORTH AVE,630,BURGLARY,ATTEMPT FORCIBLE ENTRY,PARK PROPERTY,FALSE,FALSE,914,9,11,33,5,1175333,1891876,2023,9/14/2023 15:43,41.85868659,-87.6318901,"(41.858686589, -87.631890095)"
13202179,JG413885,9/6/2023 16:41,030XX N CICERO AVE,910,MOTOR VEHICLE THEFT,AUTOMOBILE,PARKING LOT / GARAGE (NON RESIDENTIAL),FALSE,FALSE,2521,25,31,19,7,1143852,1919599,2023,9/14/2023 15:43,41.93540928,-87.74675098,"(41.935409279, -87.74675098)"
13204504,JG416844,9/6/2023 12:00,031XX W LAWRENCE AVE,560,ASSAULT,SIMPLE,OTHER (SPECIFY),FALSE,FALSE,1713,17,33,14,08A,1154413,1931719,2023,9/14/2023 15:43,41.96846253,-87.70761329,"(41.968462532, -87.707613294)"
13201944,JG414001,9/6/2023 17:30,046XX N LAKE SHORE DR NB,820,THEFT,$500 AND UNDER,PARK PROPERTY,FALSE,FALSE,1914,19,46,3,6,1170862,1930976,2023,9/14/2023 15:43,41.96607814,-87.64715324,"(41.96607814, -87.647153241)"
13202908,JG414182,9/6/2023 19:54,087XX S STONY ISLAND AVE,860,THEFT,RETAIL THEFT,SMALL RETAIL STORE,FALSE,FALSE,412,4,8,48,6,1188437,1847378,2023,9/14/2023 15:43,41.73627709,-87.58521219,"(41.736277091, -87.585212192)"
13202572,JG414628,9/6/2023 17:30,0000X W 72ND ST,910,MOTOR VEHICLE THEFT,AUTOMOBILE,STREET,FALSE,FALSE,731,7,6,69,7,1176987,1857260,2023,9/14/2023 15:43,41.76365995,-87.62686344,"(41.763659945, -87.626863438)"
13201900,JG413921,9/6/2023 17:05,057XX W ERIE ST,1320,CRIMINAL DAMAGE,TO VEHICLE,STREET,FALSE,FALSE,1511,15,29,25,14,1137965,1903720,2023,9/14/2023 15:43,41.89194395,-87.76877046,"(41.891943951, -87.768770463)"
13193781,JG397432,6/18/2015 0:00,031XX S KOSTNER AVE,1752,OFFENSE INVOLVING CHILDREN,AGGRAVATED CRIMINAL SEXUAL ABUSE BY FAMILY MEMBER,RESIDENCE,FALSE,TRUE,1031,10,22,30,17,,,2015,9/14/2023 15:43,,,
13201486,JG413291,9/6/2023 9:32,080XX S COTTAGE GROVE AVE,560,ASSAULT,SIMPLE,APARTMENT,FALSE,FALSE,631,6,6,44,08A,1182952,1851886,2023,9/14/2023 15:43,41.74877662,-87.60516736,"(41.748776618, -87.605167356)"
13202670,JG413315,9/6/2023 8:15,068XX S NORMAL BLVD,1310,CRIMINAL DAMAGE,TO PROPERTY,STREET,FALSE,TRUE,722,7,6,68,14,1174130,1859520,2023,9/14/2023 15:43,41.76992556,-87.63726788,"(41.769925563, -87.637267875)"
13202216,JG414059,9/6/2023 18:20,018XX N LUNA AVE,1310,CRIMINAL DAMAGE,TO PROPERTY,STREET,FALSE,FALSE,2532,25,37,25,14,1139111,1911573,2023,9/14/2023 15:43,41.91347275,-87.76437036,"(41.913472752, -87.764370362)"
13202307,JG414346,9/6/2023 23:11,046XX S HALSTED ST,610,BURGLARY,FORCIBLE ENTRY,GROCERY FOOD STORE,FALSE,FALSE,925,9,15,61,5,1171750,1874033,2023,9/14/2023 15:43,41.80980337,-87.64556634,"(41.809803372, -87.64556634)"
13201743,JG413690,9/6/2023 6:45,015XX W VICTORIA ST,810,THEFT,OVER $500,STREET,FALSE,FALSE,2013,20,48,77,6,1165036,1938612,2023,9/14/2023 15:43,41.98715762,-87.66835632,"(41.98715762, -87.668356321)"
13202922,JG414619,9/6/2023 18:00,014XX E 49TH ST,1320,CRIMINAL DAMAGE,TO VEHICLE,STREET,FALSE,FALSE,222,2,4,39,14,1186638,1872793,2023,9/14/2023 15:43,41.8060608,-87.59099935,"(41.806060798, -87.590999348)"
13208213,JG421282,7/24/2023 9:00,017XX W CHASE AVE,1120,DECEPTIVE PRACTICE,FORGERY,RESIDENCE,FALSE,FALSE,2423,24,49,1,10,1163649,1948306,2023,10/8/2023 15:41,42.01378764,-87.67318283,"(42.013787643, -87.673182834)"
13201577,JG413446,9/6/2023 3:30,022XX N TRIPP AVE,1710,OFFENSE INVOLVING CHILDREN,ENDANGERING LIFE / HEALTH OF CHILD,APARTMENT,TRUE,TRUE,2522,25,35,20,20,1147683,1914546,2023,10/18/2023 15:41,41.92147059,-87.73280178,"(41.921470593, -87.732801776)"
13203202,JG415063,9/6/2023 19:00,065XX N OCONTO AVE,4387,OTHER OFFENSE,VIOLATE ORDER OF PROTECTION,RESIDENCE,TRUE,TRUE,1611,16,41,9,26,1127047,1943137,2023,10/18/2023 15:41,42.00029901,-87.80798102,"(42.000299008, -87.807981016)"
13201867,JG413796,9/6/2023 15:10,069XX S VERNON AVE,051A,ASSAULT,AGGRAVATED - HANDGUN,ALLEY,FALSE,TRUE,322,3,6,69,04A,1180444,1859195,2023,9/14/2023 15:43,41.76889118,-87.61413359,"(41.768891175, -87.614133593)"
13202013,JG413657,9/6/2023 10:30,051XX W HARRISON ST,560,ASSAULT,SIMPLE,OTHER (SPECIFY),FALSE,TRUE,1533,15,29,25,08A,1142125,1896831,2023,9/14/2023 15:43,41.87296355,-87.7536633,"(41.872963554, -87.753663295)"
13202132,JG414140,9/6/2023 19:05,0000X S KARLOV AVE,2027,NARCOTICS,POSSESS - CRACK,STREET,TRUE,FALSE,1115,11,28,26,18,1149065,1899594,2023,9/14/2023 15:43,41.88041411,-87.72811149,"(41.880414105, -87.72811149)"
13201119,JG412964,9/6/2023 0:32,106XX S YATES AVE,4387,OTHER OFFENSE,VIOLATE ORDER OF PROTECTION,RESIDENCE,FALSE,TRUE,434,4,10,51,26,1194343,1834949,2023,9/14/2023 15:43,41.70202782,-87.56398196,"(41.702027818, -87.563981957)"
13208459,JG421333,9/5/2023 8:00,040XX W DIVISION ST,320,ROBBERY,STRONG ARM - NO WEAPON,SIDEWALK,FALSE,FALSE,2534,25,37,23,3,1149008,1907694,2023,9/14/2023 15:41,41.90264247,-87.728111,"(41.902642474, -87.728111001)"
13202497,JG414523,9/6/2023 21:30,049XX S LAKE PARK AVE,820,THEFT,$500 AND UNDER,STREET,FALSE,FALSE,222,2,4,39,6,1187186,1872524,2023,9/14/2023 15:43,41.80530964,-87.58899806,"(41.805309638, -87.58899806)"
13201593,JG413294,9/6/2023 9:42,003XX N DESPLAINES ST,1330,CRIMINAL TRESPASS,TO LAND,BANK,TRUE,FALSE,1214,12,34,28,26,1171866,1902447,2023,9/14/2023 15:43,41.88777118,-87.64430467,"(41.887771177, -87.644304667)"
13201925,JG414069,9/6/2023 18:00,050XX N DAMEN AVE,910,MOTOR VEHICLE THEFT,AUTOMOBILE,APARTMENT,FALSE,FALSE,2032,20,40,4,7,1162086,1933766,2023,9/14/2023 15:43,41.97392235,-87.67934257,"(41.973922349, -87.67934257)"
13202257,JG414361,9/6/2023 20:49,021XX S MICHIGAN AVE,1320,CRIMINAL DAMAGE,TO VEHICLE,STREET,FALSE,FALSE,132,1,3,33,14,1177540,1890129,2023,9/14/2023 15:43,41.85384294,-87.62384204,"(41.853842942, -87.623842041)"
13208520,JG421371,9/5/2023 12:00,064XX S MAPLEWOOD AVE,1152,DECEPTIVE PRACTICE,ILLEGAL USE CASH CARD,APARTMENT,FALSE,FALSE,825,8,16,66,11,1160481,1861891,2023,9/14/2023 15:41,41.77672415,-87.68723414,"(41.776724154, -87.687234143)"
13202434,JG414470,9/6/2023 19:00,009XX N MASSASOIT AVE,910,MOTOR VEHICLE THEFT,AUTOMOBILE,STREET,FALSE,FALSE,1511,15,29,25,7,1137851,1905787,2023,9/14/2023 15:43,41.89761812,-87.76913922,"(41.897618116, -87.769139223)"
13206964,JG419908,9/6/2023 9:00,022XX N MARMORA AVE,820,THEFT,$500 AND UNDER,STREET,FALSE,FALSE,2515,25,36,19,6,1136696,1914245,2023,9/14/2023 15:43,41.92084865,-87.7731786,"(41.920848651, -87.7731786)"
13202865,JG414581,9/6/2023 18:00,020XX S MICHIGAN AVE,610,BURGLARY,FORCIBLE ENTRY,APARTMENT,FALSE,FALSE,132,1,3,33,5,1177528,1890620,2023,9/14/2023 15:43,41.85519055,-87.6238712,"(41.855190551, -87.623871195)"
13204239,JG416678,9/6/2023 2:52,047XX N SAWYER AVE,1365,CRIMINAL TRESPASS,TO RESIDENCE,RESIDENCE,FALSE,FALSE,1713,17,33,14,26,1153859,1931263,2023,9/14/2023 15:43,41.96722233,-87.70966254,"(41.967222325, -87.709662541)"
13201991,JG413971,9/6/2023 16:07,058XX S PRAIRIE AVE,930,MOTOR VEHICLE THEFT,THEFT / RECOVERY - AUTOMOBILE,RESIDENCE,FALSE,FALSE,232,2,20,40,7,1179039,1866338,2023,9/14/2023 15:43,41.78852441,-87.61906612,"(41.788524411, -87.619066119)"
13201817,JG413760,9/6/2023 13:30,001XX W RANDOLPH ST,560,ASSAULT,SIMPLE,DRUG STORE,FALSE,FALSE,122,1,42,32,08A,1175414,1901275,2023,9/14/2023 15:43,41.88447623,-87.63131061,"(41.884476226, -87.631310613)"
13203763,JG416027,9/6/2023 11:00,077XX S PHILLIPS AVE,1310,CRIMINAL DAMAGE,TO PROPERTY,RESIDENCE - GARAGE,FALSE,FALSE,421,4,7,43,14,1193874,1854058,2023,9/14/2023 15:43,41.75447615,-87.56507476,"(41.754476149, -87.56507476)"
13208350,JG421512,8/30/2023 10:00,029XX W FLOURNOY ST,1153,DECEPTIVE PRACTICE,FINANCIAL IDENTITY THEFT OVER $ 300,APARTMENT,FALSE,FALSE,1135,11,28,27,11,1156893,1896892,2023,9/14/2023 15:41,41.87284447,-87.699441,"(41.872844469, -87.699441004)"
13201138,JG412971,9/6/2023 0:35,061XX S SACRAMENTO AVE,498,BATTERY,"AGG. DOMESTIC BATTERY - HANDS, FISTS, FEET, SERIOUS INJURY",APARTMENT,FALSE,TRUE,823,8,15,66,04B,1157433,1863868,2023,9/14/2023 15:43,41.78221163,-87.69835455,"(41.782211626, -87.698354554)"
13202268,JG414251,9/6/2023 21:55,001XX E 114TH PL,486,BATTERY,DOMESTIC BATTERY SIMPLE,SIDEWALK,FALSE,TRUE,531,5,9,49,08B,1179150,1829075,2023,9/14/2023 15:43,41.68626771,-87.61979192,"(41.686267711, -87.61979192)"
13202265,JG414306,9/6/2023 22:00,014XX W RASCHER AVE,460,BATTERY,SIMPLE,APARTMENT,FALSE,FALSE,2013,20,48,77,08B,1165475,1936292,2023,9/14/2023 15:43,41.98078211,-87.66680808,"(41.980782106, -87.666808076)"
13201338,JG412985,9/6/2023 1:21,045XX W PALMER ST,610,BURGLARY,FORCIBLE ENTRY,PARKING LOT / GARAGE (NON RESIDENTIAL),TRUE,FALSE,2522,25,26,20,5,1145605,1914236,2023,9/14/2023 15:43,41.9206596,-87.74044483,"(41.9206596, -87.740444827)"
13202964,JG415122,9/6/2023 20:00,076XX S MAPLEWOOD AVE,910,MOTOR VEHICLE THEFT,AUTOMOBILE,STREET,FALSE,FALSE,835,8,18,70,7,1160704,1853878,2023,9/14/2023 15:43,41.75473072,-87.68663749,"(41.754730716, -87.686637486)"
13203119,JG415345,9/6/2023 22:30,001XX N LOTUS AVE,4387,OTHER OFFENSE,VIOLATE ORDER OF PROTECTION,APARTMENT,FALSE,TRUE,1523,15,37,25,26,1139929,1900484,2023,9/14/2023 15:43,41.88302827,-87.76163663,"(41.883028274, -87.761636626)"
13201664,JG413318,9/6/2023 10:06,041XX S PULASKI RD,031A,ROBBERY,ARMED - HANDGUN,SMALL RETAIL STORE,FALSE,FALSE,815,8,14,57,3,1150364,1876850,2023,9/14/2023 15:43,41.81797649,-87.7239343,"(41.81797649, -87.7239343)"
13202794,JG414838,9/6/2023 20:00,044XX S DR MARTIN LUTHER KING JR DR,820,THEFT,$500 AND UNDER,VEHICLE NON-COMMERCIAL,FALSE,FALSE,215,2,3,38,6,1179604,1875566,2023,9/14/2023 15:43,41.81383396,-87.6167124,"(41.813833962, -87.616712397)"
13202614,JG414708,9/6/2023 14:00,050XX N KENMORE AVE,560,ASSAULT,SIMPLE,APARTMENT,FALSE,FALSE,2024,20,48,3,08A,1168336,1933911,2023,9/14/2023 15:43,41.97418701,-87.65635555,"(41.974187006, -87.656355545)"
13202195,JG414230,9/6/2023 21:25,013XX W 110TH ST,460,BATTERY,SIMPLE,RESIDENCE - YARD (FRONT / BACK),FALSE,FALSE,2234,22,21,75,08B,1169400,1831821,2023,9/14/2023 15:43,41.69401925,-87.65540571,"(41.694019253, -87.655405714)"
13203006,JG415104,9/6/2023 14:00,023XX W ADAMS ST,910,MOTOR VEHICLE THEFT,AUTOMOBILE,STREET,FALSE,FALSE,1225,12,27,28,7,1160784,1899020,2023,9/14/2023 15:43,41.87860416,-87.68509631,"(41.878604157, -87.685096307)"
13201686,JG413607,9/6/2023 13:40,111XX S LANGLEY AVE,580,STALKING,SIMPLE,RESIDENCE - YARD (FRONT / BACK),FALSE,FALSE,531,5,9,50,08A,1182905,1831206,2023,9/14/2023 15:43,41.6920293,-87.60597981,"(41.692029295, -87.605979811)"
13208053,JG421101,7/23/2023 0:00,076XX S HAMILTON AVE,2826,OTHER OFFENSE,HARASSMENT BY ELECTRONIC MEANS,RESIDENCE,FALSE,FALSE,611,6,18,71,26,1163383,1853865,2023,9/14/2023 15:41,41.75463936,-87.67682005,"(41.754639362, -87.676820054)"
13201754,JG413725,9/6/2023 2:30,082XX S VERNON AVE,1320,CRIMINAL DAMAGE,TO VEHICLE,STREET,FALSE,FALSE,631,6,6,44,14,1180677,1850516,2023,9/14/2023 15:43,41.74506971,-87.61354571,"(41.745069714, -87.613545708)"
13201780,JG413701,9/6/2023 12:25,069XX S PRAIRIE AVE,620,BURGLARY,UNLAWFUL ENTRY,RESIDENCE,FALSE,FALSE,322,3,6,69,5,1179246,1858861,2023,9/14/2023 15:43,41.76800205,-87.61853502,"(41.768002049, -87.618535016)"
13201256,JG413040,9/6/2023 3:01,025XX W ARGYLE ST,610,BURGLARY,FORCIBLE ENTRY,RESIDENCE - GARAGE,FALSE,FALSE,2031,20,40,4,5,1158495,1932992,2023,9/14/2023 15:43,41.97187292,-87.69256893,"(41.971872921, -87.692568932)"
13202328,JG414315,9/6/2023 21:10,024XX E 77TH ST,486,BATTERY,DOMESTIC BATTERY SIMPLE,APARTMENT,TRUE,TRUE,421,4,7,43,08B,1193666,1854380,2023,9/14/2023 15:43,41.75536484,-87.56582647,"(41.755364837, -87.565826474)"
13201188,JG412998,9/6/2023 2:10,044XX N CENTRAL AVE,1330,CRIMINAL TRESPASS,TO LAND,BAR OR TAVERN,TRUE,FALSE,1623,16,45,15,26,1138209,1928924,2023,9/14/2023 15:43,41.96110208,-87.76726326,"(41.961102078, -87.767263264)"
13208558,JG421589,8/29/2023 15:56,058XX S PEORIA ST,1330,CRIMINAL TRESPASS,TO LAND,RESIDENCE - YARD (FRONT / BACK),FALSE,FALSE,712,7,16,68,26,1171310,1865964,2023,9/14/2023 15:41,41.78767082,-87.64741635,"(41.787670818, -87.64741635)"
13202053,JG413925,9/6/2023 8:05,061XX S LANGLEY AVE,810,THEFT,OVER $500,STREET,FALSE,FALSE,313,3,20,42,6,1181952,1864383,2023,9/14/2023 15:43,41.78309281,-87.60844576,"(41.783092808, -87.60844576)"
13202116,JG414129,9/6/2023 18:18,044XX N BROADWAY,860,THEFT,RETAIL THEFT,SMALL RETAIL STORE,FALSE,FALSE,1913,19,46,3,6,1168469,1929861,2023,9/14/2023 15:43,41.96307079,-87.65598421,"(41.963070794, -87.655984213)"
13203267,JG415499,9/6/2023 19:00,077XX S RIDGEWAY AVE,910,MOTOR VEHICLE THEFT,AUTOMOBILE,STREET,FALSE,FALSE,833,8,18,70,7,1152629,1853027,2023,9/14/2023 15:43,41.75255818,-87.71625267,"(41.752558184, -87.716252667)"
13202410,JG414455,9/6/2023 23:00,126XX S TORRENCE AVE,910,MOTOR VEHICLE THEFT,AUTOMOBILE,PARKING LOT / GARAGE (NON RESIDENTIAL),FALSE,FALSE,433,4,10,55,7,1195862,1821766,2023,9/14/2023 15:43,41.66581486,-87.55885388,"(41.665814864, -87.558853882)"
13201238,JG412984,9/6/2023 1:34,052XX W OHIO ST,051A,ASSAULT,AGGRAVATED - HANDGUN,APARTMENT,FALSE,TRUE,1524,15,37,25,04A,1141495,1903470,2023,9/14/2023 15:43,41.89119345,-87.75581232,"(41.891193453, -87.755812324)"
13201190,JG412972,9/6/2023 0:53,041XX W CERMAK RD,910,MOTOR VEHICLE THEFT,AUTOMOBILE,STREET,FALSE,TRUE,1012,10,24,29,7,1148958,1889052,2023,9/14/2023 15:43,41.85148767,-87.72877699,"(41.851487667, -87.728776988)"
13206821,JG419750,9/6/2023 2:00,020XX W EVERGREEN AVE,810,THEFT,OVER $500,STREET,FALSE,FALSE,1424,14,1,24,6,1162538,1909014,2023,9/14/2023 15:43,41.90599196,-87.67837587,"(41.905991963, -87.678375871)"
13202151,JG414189,9/6/2023 20:01,050XX W SUPERIOR ST,620,BURGLARY,UNLAWFUL ENTRY,RESIDENCE,FALSE,FALSE,1531,15,37,25,5,1142680,1904504,2023,10/25/2023 15:41,41.8940089,-87.75143458,"(41.894008903, -87.751434582)"
13209443,JG422673,9/17/2004 0:00,007XX W 47TH PL,1752,OFFENSE INVOLVING CHILDREN,AGGRAVATED CRIMINAL SEXUAL ABUSE BY FAMILY MEMBER,RESIDENCE,FALSE,TRUE,935,9,15,61,17,,,2004,9/23/2023 15:41,,,
13208147,JG421273,4/19/2023 11:30,036XX W ROOSEVELT RD,4230,KIDNAPPING,UNLAWFUL RESTRAINT,STREET,FALSE,FALSE,1133,11,24,29,26,1152475,1894470,2023,10/4/2023 15:41,41.86628662,-87.71572561,"(41.866286618, -87.715725607)"
13202301,JG414325,9/6/2023 23:25,047XX N ROCKWELL ST,330,ROBBERY,AGGRAVATED,BAR OR TAVERN,TRUE,FALSE,1911,19,40,4,3,1158180,1931450,2023,11/1/2023 15:40,41.96764805,-87.69376956,"(41.967648053, -87.693769564)"
13201957,JG414037,9/6/2023 6:15,006XX W MONTROSE DR,820,THEFT,$500 AND UNDER,LAKEFRONT / WATERFRONT / RIVERBANK,FALSE,FALSE,1915,19,46,3,6,1171215,1929505,2023,9/14/2023 15:43,41.96203391,-87.64589873,"(41.96203391, -87.645898728)"
13202279,JG414326,9/6/2023 23:50,073XX S RACINE AVE,031B,ROBBERY,ARMED - OTHER FIREARM,STREET,FALSE,TRUE,734,7,17,67,3,1169587,1856300,2023,9/14/2023 15:43,41.76118916,-87.65401376,"(41.761189159, -87.65401376)"
13201311,JG413000,9/6/2023 2:35,083XX S INGLESIDE AVE,041A,BATTERY,AGGRAVATED - HANDGUN,STREET,FALSE,FALSE,632,6,8,44,04B,1184006,1849883,2023,9/14/2023 15:43,41.74325563,-87.60136759,"(41.743255632, -87.601367592)"
13340427,JH118356,12/15/2023 12:00,006XX W 116TH ST,1154,DECEPTIVE PRACTICE,FINANCIAL IDENTITY THEFT $300 AND UNDER,RESIDENCE,FALSE,FALSE,524,5,21,53,11,1174170,1828225,2023,1/19/2024 15:40,41.68404692,-87.63804782,"(41.684046923, -87.638047823)"
13201151,JG412993,9/6/2023 2:00,117XX S STEWART AVE,051A,ASSAULT,AGGRAVATED - HANDGUN,STREET,FALSE,FALSE,522,5,21,53,04A,1175733,1827097,2023,9/14/2023 15:43,41.68091676,-87.63235978,"(41.680916759, -87.632359783)"
13201778,JG413583,9/6/2023 13:30,011XX S CANAL ST,313,ROBBERY,ARMED - OTHER DANGEROUS WEAPON,PARKING LOT / GARAGE (NON RESIDENTIAL),FALSE,FALSE,124,1,28,28,3,1173303,1895451,2023,9/14/2023 15:43,41.86854191,-87.63923536,"(41.868541914, -87.639235361)"
13209581,JG422927,8/1/2021 0:00,012XX E 78TH ST,1563,SEX OFFENSE,CRIMINAL SEXUAL ABUSE,APARTMENT,FALSE,FALSE,411,4,8,45,17,,,2021,9/14/2023 15:43,,,
13202244,JG414262,9/6/2023 21:55,035XX W ARMITAGE AVE,1320,CRIMINAL DAMAGE,TO VEHICLE,STREET,FALSE,FALSE,1422,14,26,22,14,1152682,1913065,2023,9/14/2023 15:43,41.91730907,-87.71447333,"(41.917309067, -87.714473331)"
13202813,JG414866,9/6/2023 10:30,005XX E 33RD PL,810,THEFT,OVER $500,STREET,FALSE,FALSE,211,2,4,35,6,1180708,1882808,2023,9/14/2023 15:43,41.83368122,-87.61243999,"(41.83368122, -87.612439993)"
13201572,JG413364,9/6/2023 10:59,027XX N SPAULDING AVE,1020,ARSON,BY FIRE,STREET,FALSE,FALSE,1412,14,35,22,9,1153615,1917876,2023,9/14/2023 15:43,41.93049232,-87.71091716,"(41.930492323, -87.710917158)"
13203575,JG414288,9/6/2023 21:00,021XX E 68TH ST,810,THEFT,OVER $500,STREET,FALSE,FALSE,331,3,5,43,6,1191823,1860308,2023,9/14/2023 15:43,41.77167666,-87.57238829,"(41.771676658, -87.572388286)"
13204322,JG416631,9/6/2023 15:00,057XX S STATE ST,810,THEFT,OVER $500,PARKING LOT / GARAGE (NON RESIDENTIAL),FALSE,FALSE,232,2,20,40,6,1177260,1866758,2023,9/14/2023 15:43,41.7897173,-87.62557633,"(41.789717304, -87.625576333)"
13201614,JG413458,9/6/2023 11:57,018XX S UNION AVE,1310,CRIMINAL DAMAGE,TO PROPERTY,SCHOOL - PUBLIC BUILDING,FALSE,FALSE,1235,12,25,31,14,1171826,1891345,2023,9/14/2023 15:43,41.85730738,-87.64477861,"(41.857307384, -87.644778606)"
13202202,JG414049,9/6/2023 18:22,062XX N LEAVITT ST,2820,OTHER OFFENSE,TELEPHONE THREAT,STREET,FALSE,TRUE,2413,24,50,2,08A,1160515,1941569,2023,9/14/2023 15:43,41.99536686,-87.68490232,"(41.995366855, -87.684902319)"
13202222,JG414277,9/6/2023 22:52,036XX N CICERO AVE,502P,OTHER OFFENSE,FALSE / STOLEN / ALTERED TRP,STREET,TRUE,FALSE,1731,17,30,15,26,1143720,1923978,2023,9/14/2023 15:43,41.94742814,-87.74712604,"(41.947428137, -87.747126039)"
13201805,JG413678,9/6/2023 14:45,031XX W FILLMORE ST,486,BATTERY,DOMESTIC BATTERY SIMPLE,SIDEWALK,FALSE,TRUE,1134,11,24,29,08B,1155404,1895201,2023,9/14/2023 15:43,41.86823423,-87.70495329,"(41.868234232, -87.704953287)"
13203054,JG415263,9/7/2023 0:00,100XX W BALMORAL AVE,1130,DECEPTIVE PRACTICE,FRAUD OR CONFIDENCE GAME,AIRPORT TERMINAL LOWER LEVEL - SECURE AREA,FALSE,FALSE,1650,16,41,76,11,1108491,1934242,2023,9/14/2023 15:43,41.97618213,-87.87642115,"(41.976182125, -87.876421145)"
13202515,JG414504,9/6/2023 15:00,022XX E 100TH ST,810,THEFT,OVER $500,STREET,FALSE,FALSE,431,4,7,51,6,1192598,1839096,2023,9/14/2023 15:43,41.71345022,-87.57023696,"(41.71345022, -87.570236958)"
13201693,JG413564,9/6/2023 13:15,016XX W SHERWIN AVE,4387,OTHER OFFENSE,VIOLATE ORDER OF PROTECTION,STREET,TRUE,TRUE,2423,24,49,1,26,1164204,1948720,2023,9/14/2023 15:43,42.0149119,-87.6711289,"(42.014911903, -87.671128898)"
13207870,JG420877,8/29/2023 10:45,045XX S DREXEL BLVD,810,THEFT,OVER $500,NURSING / RETIREMENT HOME,FALSE,FALSE,221,2,4,39,6,1182953,1875184,2023,9/14/2023 15:41,41.81270843,-87.60444003,"(41.812708431, -87.60444003)"
13203247,JG415215,9/6/2023 12:00,104XX S MICHIGAN AVE,820,THEFT,$500 AND UNDER,APARTMENT,FALSE,FALSE,512,5,9,49,6,1178871,1835534,2023,9/14/2023 15:43,41.70399846,-87.62061763,"(41.70399846, -87.620617627)"
13205226,JG417674,9/6/2023 12:00,035XX N ELSTON AVE,810,THEFT,OVER $500,APARTMENT,FALSE,FALSE,1733,17,33,21,6,1154564,1923374,2023,9/14/2023 15:43,41.94556028,-87.70728224,"(41.945560284, -87.707282238)"
13208248,JG421395,8/31/2023 12:00,015XX N SEDGWICK ST,1153,DECEPTIVE PRACTICE,FINANCIAL IDENTITY THEFT OVER $ 300,APARTMENT,FALSE,FALSE,1821,18,27,8,11,1173366,1910545,2023,9/14/2023 15:41,41.90995935,-87.6385554,"(41.909959349, -87.638555401)"
13201787,JG413675,9/6/2023 12:00,055XX N MELVINA AVE,910,MOTOR VEHICLE THEFT,AUTOMOBILE,STREET,FALSE,FALSE,1622,16,45,11,7,1133739,1936226,2023,9/14/2023 15:43,41.98121932,-87.78352534,"(41.981219319, -87.783525344)"
